purchase_id,trip_id,truck_id,driver_id,purchase_date,gallons,price_per_gallon,total_cost,location
FUEL-000001,TRIP-000001,TRK-01,DRV-01,2024-07-02,151.81,3.999,607.09,"Chevron, Oakland, CA"
FUEL-000002,TRIP-000002,TRK-01,DRV-01,2024-07-08,72.28,4.027,291.07,"Chevron, Oakland, CA"
FUEL-000003,TRIP-000002,TRK-01,DRV-01,2024-07-08,72.29,3.884,280.77,"Love's Travel Stop, Sacramento, CA"
FUEL-000004,TRIP-000003,TRK-01,DRV-01,2024-07-09,152.69,3.98,607.71,"TA Travel Center, Redding, CA"
FUEL-000005,TRIP-000004,TRK-02,DRV-02,2024-07-06,115.2,4.078,469.79,"Love's Travel Stop, Sacramento, CA"
FUEL-000006,TRIP-000005,TRK-02,DRV-02,2024-07-06,60.02,4.032,242.0,"Pilot Flying J, Portland, OR"
FUEL-000007,TRIP-000005,TRK-02,DRV-02,2024-07-06,60.01,4.014,240.88,"Love's Travel Stop, Sacramento, CA"
FUEL-000008,TRIP-000006,TRK-02,DRV-02,2024-07-08,122.34,3.92,479.57,"Love's Travel Stop, Mount Vernon, WA"
FUEL-000009,TRIP-000007,TRK-01,DRV-01,2024-07-09,148.05,4.008,593.38,"Pilot Flying J, Grants Pass, OR"
FUEL-000010,TRIP-000008,TRK-01,DRV-01,2024-07-15,159.72,3.864,617.16,"Pilot Flying J, Grants Pass, OR"
FUEL-000011,TRIP-000009,TRK-01,DRV-01,2024-07-12,147.65,3.825,564.76,"Love's Travel Stop, Mount Vernon, WA"
FUEL-000012,TRIP-000010,TRK-01,DRV-01,2024-07-13,168.73,4.06,685.04,"Pilot Flying J, Portland, OR"
FUEL-000013,TRIP-000011,TRK-02,DRV-02,2024-07-12,114.14,3.846,438.98,"Love's Travel Stop, Sacramento, CA"
FUEL-000014,TRIP-000012,TRK-02,DRV-02,2024-07-12,35.16,4.107,144.4,"Pilot Flying J, Portland, OR"
FUEL-000015,TRIP-000013,TRK-02,DRV-02,2024-07-14,45.37,3.945,178.98,"Pilot Flying J, Grants Pass, OR"
FUEL-000016,TRIP-000014,TRK-02,DRV-02,2024-07-13,38.2,3.98,152.04,"TA Travel Center, Redding, CA"
FUEL-000017,TRIP-000015,TRK-02,DRV-02,2024-07-15,45.31,3.845,174.22,"Love's Travel Stop, Mount Vernon, WA"
FUEL-000018,TRIP-000016,TRK-01,DRV-01,2024-07-20,47.6,3.936,187.35,"Pilot Flying J, Grants Pass, OR"
FUEL-000019,TRIP-000017,TRK-01,DRV-01,2024-07-21,155.17,3.955,613.7,"Chevron, Oakland, CA"
FUEL-000020,TRIP-000018,TRK-01,DRV-01,2024-07-16,151.36,4.007,606.5,"Pilot Flying J, Portland, OR"
FUEL-000021,TRIP-000019,TRK-01,DRV-01,2024-07-17,66.4,3.995,265.27,"Chevron, Oakland, CA"
FUEL-000022,TRIP-000020,TRK-01,DRV-01,2024-07-22,82.26,3.927,323.04,"Chevron, Oakland, CA"
FUEL-000023,TRIP-000020,TRK-01,DRV-01,2024-07-22,82.26,4.082,335.79,"Love's Travel Stop, Mount Vernon, WA"
FUEL-000024,TRIP-000021,TRK-02,DRV-02,2024-07-18,109.42,3.943,431.44,"TA Travel Center, Redding, CA"
FUEL-000025,TRIP-000022,TRK-02,DRV-02,2024-07-20,122.5,3.95,483.88,"Pilot Flying J, Grants Pass, OR"
FUEL-000026,TRIP-000023,TRK-02,DRV-02,2024-07-21,58.73,3.943,231.57,"Pilot Flying J, Portland, OR"
FUEL-000027,TRIP-000023,TRK-02,DRV-02,2024-07-21,58.72,4.01,235.47,"Chevron, Oakland, CA"
FUEL-000028,TRIP-000024,TRK-02,DRV-02,2024-07-23,114.07,4.031,459.82,"Love's Travel Stop, Sacramento, CA"
FUEL-000029,TRIP-000025,TRK-02,DRV-02,2024-07-20,57.53,3.812,219.3,"Love's Travel Stop, Mount Vernon, WA"
FUEL-000030,TRIP-000025,TRK-02,DRV-02,2024-07-20,57.53,3.998,230.0,"Chevron, Oakland, CA"
FUEL-000031,TRIP-000026,TRK-01,DRV-01,2024-07-29,163.39,3.843,627.91,"TA Travel Center, Redding, CA"
FUEL-000032,TRIP-000027,TRK-01,DRV-01,2024-07-30,63.49,3.882,246.47,"Pilot Flying J, Grants Pass, OR"
FUEL-000033,TRIP-000028,TRK-01,DRV-01,2024-07-26,53.26,3.824,203.67,"Chevron, Oakland, CA"
FUEL-000034,TRIP-000029,TRK-01,DRV-01,2024-07-28,65.06,3.883,252.63,"Love's Travel Stop, Sacramento, CA"
FUEL-000035,TRIP-000030,TRK-01,DRV-01,2024-07-26,153.56,4.096,628.98,"Pilot Flying J, Portland, OR"
FUEL-000036,TRIP-000031,TRK-01,DRV-01,2024-07-28,157.39,3.931,618.7,"TA Travel Center, Redding, CA"
FUEL-000037,TRIP-000032,TRK-02,DRV-02,2024-07-28,115.57,3.916,452.57,"TA Travel Center, Redding, CA"
FUEL-000038,TRIP-000033,TRK-02,DRV-02,2024-07-30,44.4,4.058,180.18,"TA Travel Center, Redding, CA"
FUEL-000039,TRIP-000034,TRK-02,DRV-02,2024-07-26,57.27,3.986,228.28,"Chevron, Oakland, CA"
FUEL-000040,TRIP-000034,TRK-02,DRV-02,2024-07-26,57.26,4.063,232.65,"Pilot Flying J, Grants Pass, OR"
FUEL-000041,TRIP-000035,TRK-02,DRV-02,2024-07-28,45.68,3.931,179.57,"Love's Travel Stop, Sacramento, CA"
FUEL-000042,TRIP-000036,TRK-02,DRV-02,2024-07-25,58.65,4.131,242.28,"TA Travel Center, Redding, CA"
FUEL-000043,TRIP-000036,TRK-02,DRV-02,2024-07-25,58.64,3.846,225.53,"Love's Travel Stop, Mount Vernon, WA"
FUEL-000044,TRIP-000037,TRK-02,DRV-02,2024-07-26,47.09,3.946,185.82,"Pilot Flying J, Portland, OR"
FUEL-000045,TRIP-000038,TRK-01,DRV-01,2024-08-02,80.78,4.039,326.27,"Pilot Flying J, Portland, OR"
FUEL-000046,TRIP-000038,TRK-01,DRV-01,2024-08-02,80.77,4.014,324.21,"Love's Travel Stop, Sacramento, CA"
FUEL-000047,TRIP-000039,TRK-01,DRV-01,2024-08-02,147.23,3.821,562.57,"Love's Travel Stop, Mount Vernon, WA"
FUEL-000048,TRIP-000040,TRK-01,DRV-01,2024-08-03,155.2,3.846,596.9,"Pilot Flying J, Portland, OR"
FUEL-000049,TRIP-000041,TRK-02,DRV-02,2024-08-05,60.12,3.969,238.62,"Love's Travel Stop, Sacramento, CA"
FUEL-000050,TRIP-000041,TRK-02,DRV-02,2024-08-05,60.11,4.042,242.96,"Love's Travel Stop, Mount Vernon, WA"
FUEL-000051,TRIP-000042,TRK-02,DRV-02,2024-08-07,119.61,4.12,492.79,"Love's Travel Stop, Sacramento, CA"
FUEL-000052,TRIP-000043,TRK-02,DRV-02,2024-08-01,40.9,3.846,157.3,"Love's Travel Stop, Sacramento, CA"
FUEL-000053,TRIP-000044,TRK-02,DRV-02,2024-08-03,48.78,3.978,194.05,"Love's Travel Stop, Sacramento, CA"
FUEL-000054,TRIP-000045,TRK-01,DRV-01,2024-08-11,153.56,4.006,615.16,"Pilot Flying J, Grants Pass, OR"
FUEL-000055,TRIP-000046,TRK-01,DRV-01,2024-08-12,160.52,4.015,644.49,"TA Travel Center, Redding, CA"
FUEL-000056,TRIP-000047,TRK-01,DRV-01,2024-08-11,160.94,3.947,635.23,"Love's Travel Stop, Sacramento, CA"
FUEL-000057,TRIP-000048,TRK-02,DRV-02,2024-08-11,109.08,3.975,433.59,"Pilot Flying J, Portland, OR"
FUEL-000058,TRIP-000049,TRK-02,DRV-02,2024-08-08,56.42,4.129,232.96,"Love's Travel Stop, Sacramento, CA"
FUEL-000059,TRIP-000049,TRK-02,DRV-02,2024-08-08,56.42,4.127,232.85,"Chevron, Oakland, CA"
FUEL-000060,TRIP-000050,TRK-02,DRV-02,2024-08-10,124.01,4.08,505.96,"Pilot Flying J, Portland, OR"
FUEL-000061,TRIP-000051,TRK-01,DRV-01,2024-08-14,74.26,4.158,308.77,"TA Travel Center, Redding, CA"
FUEL-000062,TRIP-000051,TRK-01,DRV-01,2024-08-14,74.26,3.995,296.67,"TA Travel Center, Redding, CA"
FUEL-000063,TRIP-000052,TRK-01,DRV-01,2024-08-13,159.27,4.111,654.76,"TA Travel Center, Redding, CA"
FUEL-000064,TRIP-000053,TRK-01,DRV-01,2024-08-14,68.69,3.882,266.65,"TA Travel Center, Redding, CA"
FUEL-000065,TRIP-000054,TRK-02,DRV-02,2024-08-15,112.5,4.096,460.8,"Love's Travel Stop, Sacramento, CA"
FUEL-000066,TRIP-000055,TRK-02,DRV-02,2024-08-17,117.87,4.075,480.32,"TA Travel Center, Redding, CA"
FUEL-000067,TRIP-000056,TRK-02,DRV-02,2024-08-16,114.57,3.927,449.92,"Chevron, Oakland, CA"
FUEL-000068,TRIP-000057,TRK-02,DRV-02,2024-08-18,121.61,3.92,476.71,"TA Travel Center, Redding, CA"
FUEL-000069,TRIP-000058,TRK-01,DRV-01,2024-08-20,152.84,3.999,611.21,"Pilot Flying J, Grants Pass, OR"
FUEL-000070,TRIP-000059,TRK-01,DRV-01,2024-08-21,156.1,3.942,615.35,"Pilot Flying J, Portland, OR"
FUEL-000071,TRIP-000060,TRK-01,DRV-01,2024-08-20,160.68,3.921,630.03,"Pilot Flying J, Grants Pass, OR"
FUEL-000072,TRIP-000061,TRK-01,DRV-01,2024-08-25,153.07,4.047,619.47,"Pilot Flying J, Portland, OR"
FUEL-000073,TRIP-000062,TRK-01,DRV-01,2024-08-26,63.69,3.934,250.56,"Love's Travel Stop, Sacramento, CA"
FUEL-000074,TRIP-000063,TRK-02,DRV-02,2024-08-25,58.53,4.063,237.81,"Pilot Flying J, Grants Pass, OR"
FUEL-000075,TRIP-000063,TRK-02,DRV-02,2024-08-25,58.53,4.099,239.91,"Chevron, Oakland, CA"
FUEL-000076,TRIP-000064,TRK-02,DRV-02,2024-08-26,120.14,4.042,485.61,"TA Travel Center, Redding, CA"
FUEL-000077,TRIP-000065,TRK-02,DRV-02,2024-08-23,39.73,3.845,152.76,"Chevron, Oakland, CA"
FUEL-000078,TRIP-000066,TRK-02,DRV-02,2024-08-25,115.57,3.805,439.74,"Love's Travel Stop, Sacramento, CA"
FUEL-000079,TRIP-000067,TRK-02,DRV-02,2024-08-24,58.12,3.853,223.94,"Pilot Flying J, Grants Pass, OR"
FUEL-000080,TRIP-000067,TRK-02,DRV-02,2024-08-24,58.12,3.825,222.31,"Pilot Flying J, Portland, OR"
FUEL-000081,TRIP-000068,TRK-02,DRV-02,2024-08-25,120.31,3.958,476.19,"Love's Travel Stop, Mount Vernon, WA"
FUEL-000082,TRIP-000069,TRK-01,DRV-01,2024-08-29,52.33,3.95,206.7,"Love's Travel Stop, Mount Vernon, WA"
FUEL-000083,TRIP-000070,TRK-01,DRV-01,2024-08-31,159.13,3.849,612.49,"Chevron, Oakland, CA"
FUEL-000084,TRIP-000071,TRK-01,DRV-01,2024-09-02,78.45,4.063,318.74,"Pilot Flying J, Grants Pass, OR"
FUEL-000085,TRIP-000071,TRK-01,DRV-01,2024-09-02,78.45,3.879,304.31,"TA Travel Center, Redding, CA"
FUEL-000086,TRIP-000072,TRK-01,DRV-01,2024-09-03,157.57,4.086,643.83,"TA Travel Center, Redding, CA"
FUEL-000087,TRIP-000073,TRK-01,DRV-01,2024-09-01,77.25,4.078,315.03,"Love's Travel Stop, Mount Vernon, WA"
FUEL-000088,TRIP-000073,TRK-01,DRV-01,2024-09-01,77.26,4.076,314.91,"Love's Travel Stop, Mount Vernon, WA"
FUEL-000089,TRIP-000074,TRK-01,DRV-01,2024-09-03,153.16,3.919,600.23,"TA Travel Center, Redding, CA"
FUEL-000090,TRIP-000075,TRK-02,DRV-02,2024-09-01,36.3,3.99,144.84,"Pilot Flying J, Portland, OR"
FUEL-000091,TRIP-000076,TRK-02,DRV-02,2024-09-02,121.65,4.005,487.21,"Love's Travel Stop, Sacramento, CA"
FUEL-000092,TRIP-000077,TRK-02,DRV-02,2024-09-01,116.11,4.023,467.11,"Love's Travel Stop, Sacramento, CA"
FUEL-000093,TRIP-000078,TRK-02,DRV-02,2024-09-02,117.04,4.011,469.45,"Pilot Flying J, Grants Pass, OR"
FUEL-000094,TRIP-000079,TRK-02,DRV-02,2024-08-27,117.7,3.936,463.27,"Chevron, Oakland, CA"
FUEL-000095,TRIP-000080,TRK-01,DRV-01,2024-09-09,79.03,3.861,305.13,"TA Travel Center, Redding, CA"
FUEL-000096,TRIP-000080,TRK-01,DRV-01,2024-09-09,79.04,3.855,304.7,"Chevron, Oakland, CA"
FUEL-000097,TRIP-000081,TRK-01,DRV-01,2024-09-10,165.7,3.964,656.83,"Pilot Flying J, Portland, OR"
FUEL-000098,TRIP-000082,TRK-01,DRV-01,2024-09-07,50.74,3.95,200.42,"Love's Travel Stop, Mount Vernon, WA"
FUEL-000099,TRIP-000083,TRK-01,DRV-01,2024-09-08,156.59,4.047,633.72,"TA Travel Center, Redding, CA"
FUEL-000100,TRIP-000084,TRK-02,DRV-02,2024-09-09,39.23,4.101,160.88,"Love's Travel Stop, Sacramento, CA"
FUEL-000101,TRIP-000085,TRK-02,DRV-02,2024-09-10,123.4,4.01,494.83,"Pilot Flying J, Portland, OR"
FUEL-000102,TRIP-000086,TRK-02,DRV-02,2024-09-05,112.73,4.037,455.09,"Pilot Flying J, Grants Pass, OR"
FUEL-000103,TRIP-000087,TRK-02,DRV-02,2024-09-07,115.41,3.998,461.41,"Pilot Flying J, Grants Pass, OR"
FUEL-000104,TRIP-000088,TRK-01,DRV-01,2024-09-14,48.62,3.836,186.51,"Chevron, Oakland, CA"
FUEL-000105,TRIP-000089,TRK-01,DRV-01,2024-09-16,58.94,3.862,227.63,"Love's Travel Stop, Sacramento, CA"
FUEL-000106,TRIP-000090,TRK-01,DRV-01,2024-09-14,146.24,3.871,566.1,"Love's Travel Stop, Mount Vernon, WA"
FUEL-000107,TRIP-000091,TRK-01,DRV-01,2024-09-15,159.3,3.997,636.72,"Pilot Flying J, Grants Pass, OR"
FUEL-000108,TRIP-000092,TRK-01,DRV-01,2024-09-14,76.64,4.083,312.92,"Love's Travel Stop, Mount Vernon, WA"
FUEL-000109,TRIP-000092,TRK-01,DRV-01,2024-09-14,76.63,3.962,303.61,"Pilot Flying J, Grants Pass, OR"
FUEL-000110,TRIP-000093,TRK-01,DRV-01,2024-09-16,65.74,3.896,256.12,"Love's Travel Stop, Sacramento, CA"
FUEL-000111,TRIP-000094,TRK-02,DRV-02,2024-09-12,116.22,3.831,445.24,"Love's Travel Stop, Sacramento, CA"
FUEL-000112,TRIP-000095,TRK-02,DRV-02,2024-09-13,115.89,3.875,449.07,"Love's Travel Stop, Sacramento, CA"
FUEL-000113,TRIP-000096,TRK-02,DRV-02,2024-09-12,60.12,4.031,242.34,"Love's Travel Stop, Sacramento, CA"
FUEL-000114,TRIP-000096,TRK-02,DRV-02,2024-09-12,60.11,3.892,233.95,"TA Travel Center, Redding, CA"
FUEL-000115,TRIP-000097,TRK-02,DRV-02,2024-09-13,42.25,4.136,174.75,"Pilot Flying J, Portland, OR"
FUEL-000116,TRIP-000098,TRK-02,DRV-02,2024-09-11,60.32,4.013,242.06,"Pilot Flying J, Grants Pass, OR"
FUEL-000117,TRIP-000098,TRK-02,DRV-02,2024-09-11,60.32,4.03,243.09,"TA Travel Center, Redding, CA"
FUEL-000118,TRIP-000099,TRK-02,DRV-02,2024-09-12,120.77,4.04,487.91,"Love's Travel Stop, Sacramento, CA"
FUEL-000119,TRIP-000100,TRK-01,DRV-01,2024-09-18,51.36,4.087,209.91,"Love's Travel Stop, Sacramento, CA"
FUEL-000120,TRIP-000101,TRK-01,DRV-01,2024-09-20,76.81,4.092,314.31,"Chevron, Oakland, CA"
FUEL-000121,TRIP-000101,TRK-01,DRV-01,2024-09-20,76.8,4.014,308.28,"TA Travel Center, Redding, CA"
FUEL-000122,TRIP-000102,TRK-01,DRV-01,2024-09-21,167.28,4.008,670.46,"Pilot Flying J, Grants Pass, OR"
FUEL-000123,TRIP-000103,TRK-02,DRV-02,2024-09-22,58.48,3.942,230.53,"Love's Travel Stop, Mount Vernon, WA"
FUEL-000124,TRIP-000103,TRK-02,DRV-02,2024-09-22,58.48,4.183,244.62,"Pilot Flying J, Portland, OR"
FUEL-000125,TRIP-000104,TRK-02,DRV-02,2024-09-23,49.12,4.025,197.71,"Love's Travel Stop, Sacramento, CA"
FUEL-000126,TRIP-000105,TRK-02,DRV-02,2024-09-22,54.59,4.03,220.0,"Pilot Flying J, Grants Pass, OR"
FUEL-000127,TRIP-000105,TRK-02,DRV-02,2024-09-22,54.58,3.938,214.94,"Love's Travel Stop, Mount Vernon, WA"
FUEL-000128,TRIP-000106,TRK-02,DRV-02,2024-09-23,115.42,3.986,460.06,"Pilot Flying J, Portland, OR"
FUEL-000129,TRIP-000107,TRK-01,DRV-01,2024-09-24,159.41,4.031,642.58,"Pilot Flying J, Portland, OR"
FUEL-000130,TRIP-000108,TRK-01,DRV-01,2024-09-25,152.23,3.999,608.77,"Love's Travel Stop, Sacramento, CA"
FUEL-000131,TRIP-000109,TRK-01,DRV-01,2024-09-29,149.14,3.96,590.59,"TA Travel Center, Redding, CA"
FUEL-000132,TRIP-000110,TRK-01,DRV-01,2024-10-01,162.93,4.115,670.46,"Pilot Flying J, Grants Pass, OR"
FUEL-000133,TRIP-000111,TRK-02,DRV-02,2024-09-26,41.65,4.135,172.22,"Love's Travel Stop, Sacramento, CA"
FUEL-000134,TRIP-000112,TRK-02,DRV-02,2024-09-27,36.41,4.041,147.13,"Pilot Flying J, Portland, OR"
FUEL-000135,TRIP-000113,TRK-02,DRV-02,2024-09-29,45.84,3.991,182.95,"Chevron, Oakland, CA"
FUEL-000136,TRIP-000114,TRK-01,DRV-01,2024-10-01,50.19,4.016,201.56,"Pilot Flying J, Grants Pass, OR"
FUEL-000137,TRIP-000115,TRK-01,DRV-01,2024-10-05,158.24,4.03,637.71,"Chevron, Oakland, CA"
FUEL-000138,TRIP-000116,TRK-01,DRV-01,2024-10-07,61.19,3.989,244.09,"Love's Travel Stop, Sacramento, CA"
FUEL-000139,TRIP-000117,TRK-02,DRV-02,2024-10-04,106.44,3.974,422.99,"Pilot Flying J, Grants Pass, OR"
FUEL-000140,TRIP-000118,TRK-02,DRV-02,2024-10-06,117.86,4.133,487.12,"Chevron, Oakland, CA"
FUEL-000141,TRIP-000119,TRK-02,DRV-02,2024-10-02,58.65,4.034,236.59,"Pilot Flying J, Portland, OR"
FUEL-000142,TRIP-000119,TRK-02,DRV-02,2024-10-02,58.64,3.956,231.98,"Pilot Flying J, Grants Pass, OR"
FUEL-000143,TRIP-000120,TRK-01,DRV-01,2024-10-10,75.67,4.033,305.18,"TA Travel Center, Redding, CA"
FUEL-000144,TRIP-000120,TRK-01,DRV-01,2024-10-10,75.68,3.961,299.77,"Love's Travel Stop, Sacramento, CA"
FUEL-000145,TRIP-000121,TRK-01,DRV-01,2024-10-11,157.53,3.986,627.91,"Pilot Flying J, Grants Pass, OR"
FUEL-000146,TRIP-000122,TRK-01,DRV-01,2024-10-08,53.67,4.057,217.74,"Pilot Flying J, Portland, OR"
FUEL-000147,TRIP-000123,TRK-01,DRV-01,2024-10-10,170.04,3.968,674.72,"Love's Travel Stop, Mount Vernon, WA"
FUEL-000148,TRIP-000124,TRK-01,DRV-01,2024-10-11,75.66,4.078,308.54,"Love's Travel Stop, Mount Vernon, WA"
FUEL-000149,TRIP-000124,TRK-01,DRV-01,2024-10-11,75.66,4.167,315.28,"Pilot Flying J, Portland, OR"
FUEL-000150,TRIP-000125,TRK-02,DRV-02,2024-10-13,112.35,4.068,457.04,"Chevron, Oakland, CA"
FUEL-000151,TRIP-000126,TRK-02,DRV-02,2024-10-14,117.14,3.922,459.42,"Pilot Flying J, Grants Pass, OR"
FUEL-000152,TRIP-000127,TRK-02,DRV-02,2024-10-14,59.73,3.927,234.56,"Pilot Flying J, Portland, OR"
FUEL-000153,TRIP-000127,TRK-02,DRV-02,2024-10-14,59.72,3.991,238.34,"Pilot Flying J, Portland, OR"
FUEL-000154,TRIP-000128,TRK-02,DRV-02,2024-10-16,121.09,3.91,473.46,"TA Travel Center, Redding, CA"
FUEL-000155,TRIP-000129,TRK-02,DRV-02,2024-10-12,113.02,3.913,442.25,"Pilot Flying J, Portland, OR"
FUEL-000156,TRIP-000130,TRK-02,DRV-02,2024-10-13,48.67,4.084,198.77,"TA Travel Center, Redding, CA"
FUEL-000157,TRIP-000131,TRK-01,DRV-01,2024-10-17,80.56,4.166,335.61,"TA Travel Center, Redding, CA"
FUEL-000158,TRIP-000131,TRK-01,DRV-01,2024-10-17,80.55,4.03,324.62,"Love's Travel Stop, Sacramento, CA"
FUEL-000159,TRIP-000132,TRK-01,DRV-01,2024-10-18,157.17,3.922,616.42,"Pilot Flying J, Portland, OR"
FUEL-000160,TRIP-000133,TRK-01,DRV-01,2024-10-18,53.07,4.108,218.01,"Pilot Flying J, Grants Pass, OR"
FUEL-000161,TRIP-000134,TRK-01,DRV-01,2024-10-20,155.39,4.016,624.05,"Pilot Flying J, Grants Pass, OR"
FUEL-000162,TRIP-000135,TRK-02,DRV-02,2024-10-18,116.52,3.988,464.68,"Pilot Flying J, Portland, OR"
FUEL-000163,TRIP-000136,TRK-02,DRV-02,2024-10-20,47.48,3.965,188.26,"Chevron, Oakland, CA"
FUEL-000164,TRIP-000137,TRK-02,DRV-02,2024-10-19,108.71,4.128,448.75,"Love's Travel Stop, Sacramento, CA"
FUEL-000165,TRIP-000138,TRK-02,DRV-02,2024-10-20,120.0,4.039,484.68,"Pilot Flying J, Grants Pass, OR"
FUEL-000166,TRIP-000139,TRK-01,DRV-01,2024-10-24,149.91,3.967,594.69,"Pilot Flying J, Grants Pass, OR"
FUEL-000167,TRIP-000140,TRK-01,DRV-01,2024-10-25,155.08,3.921,608.07,"Pilot Flying J, Grants Pass, OR"
FUEL-000168,TRIP-000141,TRK-01,DRV-01,2024-10-25,81.36,3.927,319.5,"Chevron, Oakland, CA"
FUEL-000169,TRIP-000141,TRK-01,DRV-01,2024-10-25,81.37,4.078,331.83,"Pilot Flying J, Grants Pass, OR"
FUEL-000170,TRIP-000142,TRK-01,DRV-01,2024-10-27,58.06,4.015,233.11,"Love's Travel Stop, Mount Vernon, WA"
FUEL-000171,TRIP-000143,TRK-02,DRV-02,2024-10-26,56.36,4.095,230.79,"Pilot Flying J, Grants Pass, OR"
FUEL-000172,TRIP-000143,TRK-02,DRV-02,2024-10-26,56.36,4.015,226.29,"Chevron, Oakland, CA"
FUEL-000173,TRIP-000144,TRK-02,DRV-02,2024-10-27,122.24,4.024,491.89,"TA Travel Center, Redding, CA"
FUEL-000174,TRIP-000145,TRK-02,DRV-02,2024-10-25,39.24,4.092,160.57,"Chevron, Oakland, CA"
FUEL-000175,TRIP-000146,TRK-02,DRV-02,2024-10-26,48.25,4.144,199.95,"Chevron, Oakland, CA"
FUEL-000176,TRIP-000147,TRK-01,DRV-01,2024-11-03,80.11,4.005,320.84,"TA Travel Center, Redding, CA"
FUEL-000177,TRIP-000147,TRK-01,DRV-01,2024-11-03,80.12,3.898,312.31,"Love's Travel Stop, Mount Vernon, WA"
FUEL-000178,TRIP-000148,TRK-01,DRV-01,2024-11-04,165.51,3.983,659.23,"Chevron, Oakland, CA"
FUEL-000179,TRIP-000149,TRK-01,DRV-01,2024-11-04,165.53,4.04,668.74,"Pilot Flying J, Portland, OR"
FUEL-000180,TRIP-000150,TRK-01,DRV-01,2024-11-05,161.42,4.094,660.85,"Love's Travel Stop, Sacramento, CA"
FUEL-000181,TRIP-000151,TRK-02,DRV-02,2024-10-31,109.42,4.043,442.39,"Love's Travel Stop, Mount Vernon, WA"
FUEL-000182,TRIP-000152,TRK-02,DRV-02,2024-11-02,44.44,4.088,181.67,"Love's Travel Stop, Mount Vernon, WA"
FUEL-000183,TRIP-000153,TRK-02,DRV-02,2024-10-29,115.89,3.931,455.56,"Pilot Flying J, Grants Pass, OR"
FUEL-000184,TRIP-000154,TRK-02,DRV-02,2024-10-30,44.23,4.009,177.32,"Chevron, Oakland, CA"
FUEL-000185,TRIP-000155,TRK-01,DRV-01,2024-11-06,162.62,3.969,645.44,"Pilot Flying J, Grants Pass, OR"
FUEL-000186,TRIP-000156,TRK-01,DRV-01,2024-11-07,64.86,3.969,257.43,"Pilot Flying J, Portland, OR"
FUEL-000187,TRIP-000157,TRK-02,DRV-02,2024-11-08,115.99,3.977,461.29,"Chevron, Oakland, CA"
FUEL-000188,TRIP-000158,TRK-02,DRV-02,2024-11-10,47.41,4.128,195.71,"Pilot Flying J, Portland, OR"
FUEL-000189,TRIP-000159,TRK-01,DRV-01,2024-11-17,75.28,3.935,296.23,"Pilot Flying J, Portland, OR"
FUEL-000190,TRIP-000159,TRK-01,DRV-01,2024-11-17,75.29,4.08,307.18,"Pilot Flying J, Portland, OR"
FUEL-000191,TRIP-000160,TRK-01,DRV-01,2024-11-18,66.8,4.006,267.6,"TA Travel Center, Redding, CA"
FUEL-000192,TRIP-000161,TRK-02,DRV-02,2024-11-18,120.12,3.89,467.27,"Love's Travel Stop, Sacramento, CA"
FUEL-000193,TRIP-000162,TRK-01,DRV-01,2024-11-25,74.95,3.933,294.78,"TA Travel Center, Redding, CA"
FUEL-000194,TRIP-000162,TRK-01,DRV-01,2024-11-25,74.96,4.051,303.66,"Love's Travel Stop, Mount Vernon, WA"
FUEL-000195,TRIP-000163,TRK-01,DRV-01,2024-11-26,165.38,4.145,685.5,"Love's Travel Stop, Mount Vernon, WA"
FUEL-000196,TRIP-000164,TRK-02,DRV-02,2024-11-19,106.58,4.118,438.9,"Chevron, Oakland, CA"
FUEL-000197,TRIP-000165,TRK-02,DRV-02,2024-11-21,45.37,4.116,186.74,"Love's Travel Stop, Mount Vernon, WA"
FUEL-000198,TRIP-000166,TRK-01,DRV-01,2024-12-01,54.02,3.955,213.65,"TA Travel Center, Redding, CA"
FUEL-000199,TRIP-000167,TRK-02,DRV-02,2024-12-02,56.45,4.089,230.82,"Chevron, Oakland, CA"
FUEL-000200,TRIP-000167,TRK-02,DRV-02,2024-12-02,56.45,4.007,226.2,"Pilot Flying J, Portland, OR"
FUEL-000201,TRIP-000168,TRK-02,DRV-02,2024-12-04,126.79,4.213,534.17,"Love's Travel Stop, Sacramento, CA"
FUEL-000202,TRIP-000169,TRK-01,DRV-01,2024-12-03,54.91,4.005,219.91,"TA Travel Center, Redding, CA"
FUEL-000203,TRIP-000170,TRK-01,DRV-01,2024-12-05,170.1,4.19,712.72,"Love's Travel Stop, Sacramento, CA"
FUEL-000204,TRIP-000171,TRK-01,DRV-01,2024-12-08,80.0,4.165,333.2,"Pilot Flying J, Grants Pass, OR"
FUEL-000205,TRIP-000171,TRK-01,DRV-01,2024-12-08,80.0,3.941,315.28,"Pilot Flying J, Grants Pass, OR"
FUEL-000206,TRIP-000172,TRK-01,DRV-01,2024-12-09,162.55,4.06,659.95,"Love's Travel Stop, Mount Vernon, WA"
FUEL-000207,TRIP-000173,TRK-02,DRV-02,2024-12-06,114.42,3.887,444.75,"Love's Travel Stop, Mount Vernon, WA"
FUEL-000208,TRIP-000174,TRK-02,DRV-02,2024-12-07,45.47,4.052,184.24,"Love's Travel Stop, Mount Vernon, WA"
FUEL-000209,TRIP-000175,TRK-02,DRV-02,2024-12-04,57.2,3.93,224.8,"Love's Travel Stop, Sacramento, CA"
FUEL-000210,TRIP-000175,TRK-02,DRV-02,2024-12-04,57.21,3.988,228.15,"Chevron, Oakland, CA"
FUEL-000211,TRIP-000176,TRK-02,DRV-02,2024-12-06,118.91,3.986,473.98,"Pilot Flying J, Portland, OR"
FUEL-000212,TRIP-000177,TRK-01,DRV-01,2024-12-13,75.14,4.167,313.11,"Pilot Flying J, Grants Pass, OR"
FUEL-000213,TRIP-000177,TRK-01,DRV-01,2024-12-13,75.14,3.916,294.25,"Pilot Flying J, Grants Pass, OR"
FUEL-000214,TRIP-000178,TRK-01,DRV-01,2024-12-14,163.2,4.095,668.3,"Pilot Flying J, Portland, OR"
FUEL-000215,TRIP-000179,TRK-01,DRV-01,2024-12-10,151.02,3.948,596.23,"Pilot Flying J, Grants Pass, OR"
FUEL-000216,TRIP-000180,TRK-02,DRV-02,2024-12-10,55.34,4.006,221.69,"Pilot Flying J, Grants Pass, OR"
FUEL-000217,TRIP-000180,TRK-02,DRV-02,2024-12-10,55.34,3.99,220.81,"TA Travel Center, Redding, CA"
FUEL-000218,TRIP-000181,TRK-02,DRV-02,2024-12-11,113.01,3.956,447.07,"Love's Travel Stop, Sacramento, CA"
FUEL-000219,TRIP-000182,TRK-02,DRV-02,2024-12-15,58.23,4.14,241.07,"TA Travel Center, Redding, CA"
FUEL-000220,TRIP-000182,TRK-02,DRV-02,2024-12-15,58.23,4.12,239.91,"Pilot Flying J, Portland, OR"
FUEL-000221,TRIP-000183,TRK-02,DRV-02,2024-12-16,119.65,4.175,499.54,"TA Travel Center, Redding, CA"
FUEL-000222,TRIP-000184,TRK-01,DRV-01,2024-12-22,48.43,4.179,202.39,"Chevron, Oakland, CA"
FUEL-000223,TRIP-000185,TRK-01,DRV-01,2024-12-23,159.08,4.015,638.71,"Pilot Flying J, Portland, OR"
FUEL-000224,TRIP-000186,TRK-02,DRV-02,2024-12-22,59.49,3.986,237.13,"Chevron, Oakland, CA"
FUEL-000225,TRIP-000186,TRK-02,DRV-02,2024-12-22,59.5,4.211,250.55,"Pilot Flying J, Grants Pass, OR"
FUEL-000226,TRIP-000187,TRK-02,DRV-02,2024-12-24,119.83,4.191,502.21,"Pilot Flying J, Grants Pass, OR"
FUEL-000227,TRIP-000188,TRK-01,DRV-01,2024-12-26,75.77,4.172,316.11,"Pilot Flying J, Grants Pass, OR"
FUEL-000228,TRIP-000188,TRK-01,DRV-01,2024-12-26,75.76,3.946,298.95,"Chevron, Oakland, CA"
FUEL-000229,TRIP-000189,TRK-01,DRV-01,2024-12-27,61.38,4.09,251.04,"TA Travel Center, Redding, CA"
FUEL-000230,TRIP-000190,TRK-01,DRV-01,2024-12-30,52.98,4.142,219.44,"Pilot Flying J, Grants Pass, OR"
FUEL-000231,TRIP-000191,TRK-01,DRV-01,2024-12-31,61.3,4.013,246.0,"Love's Travel Stop, Sacramento, CA"
FUEL-000232,TRIP-000192,TRK-02,DRV-02,2024-12-29,118.46,3.854,456.54,"Chevron, Oakland, CA"
FUEL-000233,TRIP-000193,TRK-02,DRV-02,2024-12-31,45.99,4.058,186.63,"Love's Travel Stop, Sacramento, CA"
FUEL-000234,TRIP-000194,TRK-02,DRV-02,2024-12-27,115.09,3.991,459.32,"Love's Travel Stop, Mount Vernon, WA"
FUEL-000235,TRIP-000195,TRK-02,DRV-02,2024-12-28,113.64,3.986,452.97,"Chevron, Oakland, CA"
FUEL-000236,TRIP-000196,TRK-01,DRV-01,2025-01-04,76.53,4.207,321.96,"TA Travel Center, Redding, CA"
FUEL-000237,TRIP-000196,TRK-01,DRV-01,2025-01-04,76.52,4.068,311.28,"Love's Travel Stop, Mount Vernon, WA"
FUEL-000238,TRIP-000197,TRK-01,DRV-01,2025-01-05,64.24,4.171,267.95,"Chevron, Oakland, CA"
FUEL-000239,TRIP-000198,TRK-01,DRV-01,2024-12-31,51.4,4.039,207.6,"Pilot Flying J, Portland, OR"
FUEL-000240,TRIP-000199,TRK-01,DRV-01,2025-01-01,60.83,3.977,241.92,"Love's Travel Stop, Sacramento, CA"
FUEL-000241,TRIP-000200,TRK-02,DRV-02,2025-01-03,55.23,3.967,219.1,"Chevron, Oakland, CA"
FUEL-000242,TRIP-000200,TRK-02,DRV-02,2025-01-03,55.22,4.04,223.09,"Chevron, Oakland, CA"
FUEL-000243,TRIP-000201,TRK-02,DRV-02,2025-01-04,117.18,4.079,477.98,"Pilot Flying J, Grants Pass, OR"
FUEL-000244,TRIP-000202,TRK-02,DRV-02,2025-01-01,60.02,3.985,239.18,"Love's Travel Stop, Sacramento, CA"
FUEL-000245,TRIP-000202,TRK-02,DRV-02,2025-01-01,60.01,4.049,242.98,"Love's Travel Stop, Mount Vernon, WA"
FUEL-000246,TRIP-000203,TRK-02,DRV-02,2025-01-02,46.76,4.146,193.87,"Pilot Flying J, Grants Pass, OR"
FUEL-000247,TRIP-000204,TRK-01,DRV-01,2025-01-13,151.04,3.914,591.17,"Chevron, Oakland, CA"
FUEL-000248,TRIP-000205,TRK-01,DRV-01,2025-01-15,60.83,4.042,245.87,"Pilot Flying J, Portland, OR"
FUEL-000249,TRIP-000206,TRK-02,DRV-02,2025-01-12,41.58,4.215,175.26,"Love's Travel Stop, Sacramento, CA"
FUEL-000250,TRIP-000207,TRK-01,DRV-01,2025-01-19,152.31,4.08,621.42,"TA Travel Center, Redding, CA"
FUEL-000251,TRIP-000208,TRK-02,DRV-02,2025-01-18,117.18,4.092,479.5,"TA Travel Center, Redding, CA"
FUEL-000252,TRIP-000209,TRK-02,DRV-02,2025-01-20,45.54,3.917,178.38,"Pilot Flying J, Portland, OR"
FUEL-000253,TRIP-000210,TRK-01,DRV-01,2025-01-22,50.0,4.14,207.0,"Love's Travel Stop, Mount Vernon, WA"
FUEL-000254,TRIP-000211,TRK-01,DRV-01,2025-01-24,156.81,4.139,649.04,"Pilot Flying J, Grants Pass, OR"
FUEL-000255,TRIP-000212,TRK-01,DRV-01,2025-01-23,76.41,3.987,304.65,"TA Travel Center, Redding, CA"
FUEL-000256,TRIP-000212,TRK-01,DRV-01,2025-01-23,76.41,3.938,300.9,"Pilot Flying J, Portland, OR"
FUEL-000257,TRIP-000213,TRK-01,DRV-01,2025-01-25,62.57,3.946,246.9,"Love's Travel Stop, Mount Vernon, WA"
FUEL-000258,TRIP-000214,TRK-02,DRV-02,2025-01-21,116.64,3.944,460.03,"Pilot Flying J, Portland, OR"
FUEL-000259,TRIP-000215,TRK-02,DRV-02,2025-01-22,40.0,4.08,163.2,"Love's Travel Stop, Sacramento, CA"
FUEL-000260,TRIP-000216,TRK-02,DRV-02,2025-01-23,126.85,4.202,533.02,"Chevron, Oakland, CA"
FUEL-000261,TRIP-000217,TRK-01,DRV-01,2025-02-02,155.71,4.152,646.51,"Love's Travel Stop, Sacramento, CA"
FUEL-000262,TRIP-000218,TRK-01,DRV-01,2025-02-03,156.16,4.012,626.51,"Love's Travel Stop, Sacramento, CA"
FUEL-000263,TRIP-000219,TRK-02,DRV-02,2025-02-02,38.31,4.238,162.36,"Chevron, Oakland, CA"
FUEL-000264,TRIP-000220,TRK-02,DRV-02,2025-02-03,122.11,4.017,490.52,"Pilot Flying J, Portland, OR"
FUEL-000265,TRIP-000221,TRK-01,DRV-01,2025-02-09,49.72,3.974,197.59,"Love's Travel Stop, Mount Vernon, WA"
FUEL-000266,TRIP-000222,TRK-01,DRV-01,2025-02-11,166.33,3.997,664.82,"Chevron, Oakland, CA"
FUEL-000267,TRIP-000223,TRK-01,DRV-01,2025-02-07,160.32,4.076,653.46,"Love's Travel Stop, Mount Vernon, WA"
FUEL-000268,TRIP-000224,TRK-01,DRV-01,2025-02-09,158.69,4.174,662.37,"TA Travel Center, Redding, CA"
FUEL-000269,TRIP-000225,TRK-02,DRV-02,2025-02-08,36.78,4.098,150.72,"Pilot Flying J, Portland, OR"
FUEL-000270,TRIP-000226,TRK-02,DRV-02,2025-02-09,117.13,4.04,473.21,"TA Travel Center, Redding, CA"
FUEL-000271,TRIP-000227,TRK-02,DRV-02,2025-02-08,115.04,4.055,466.49,"Pilot Flying J, Portland, OR"
FUEL-000272,TRIP-000228,TRK-02,DRV-02,2025-02-09,115.41,4.147,478.61,"Chevron, Oakland, CA"
FUEL-000273,TRIP-000229,TRK-01,DRV-01,2025-02-16,49.72,4.039,200.82,"Pilot Flying J, Grants Pass, OR"
FUEL-000274,TRIP-000230,TRK-01,DRV-01,2025-02-15,75.64,4.049,306.27,"Pilot Flying J, Grants Pass, OR"
FUEL-000275,TRIP-000230,TRK-01,DRV-01,2025-02-15,75.65,4.002,302.75,"Pilot Flying J, Portland, OR"
FUEL-000276,TRIP-000231,TRK-01,DRV-01,2025-02-16,61.69,4.203,259.28,"Pilot Flying J, Portland, OR"
FUEL-000277,TRIP-000232,TRK-02,DRV-02,2025-02-17,34.57,4.112,142.15,"Love's Travel Stop, Sacramento, CA"
FUEL-000278,TRIP-000233,TRK-02,DRV-02,2025-02-18,117.9,4.159,490.35,"Love's Travel Stop, Mount Vernon, WA"
FUEL-000279,TRIP-000234,TRK-02,DRV-02,2025-02-13,59.19,4.121,243.92,"Pilot Flying J, Grants Pass, OR"
FUEL-000280,TRIP-000234,TRK-02,DRV-02,2025-02-13,59.19,4.049,239.66,"Pilot Flying J, Grants Pass, OR"
FUEL-000281,TRIP-000235,TRK-02,DRV-02,2025-02-14,45.05,4.044,182.18,"Chevron, Oakland, CA"
FUEL-000282,TRIP-000236,TRK-01,DRV-01,2025-02-24,55.91,4.203,234.99,"Love's Travel Stop, Sacramento, CA"
FUEL-000283,TRIP-000237,TRK-01,DRV-01,2025-02-26,169.65,4.042,685.73,"Pilot Flying J, Portland, OR"
FUEL-000284,TRIP-000238,TRK-02,DRV-02,2025-02-19,39.63,4.186,165.89,"Chevron, Oakland, CA"
FUEL-000285,TRIP-000239,TRK-02,DRV-02,2025-02-21,50.15,4.053,203.26,"Love's Travel Stop, Mount Vernon, WA"
FUEL-000286,TRIP-000240,TRK-01,DRV-01,2025-03-02,76.64,3.922,300.58,"Chevron, Oakland, CA"
FUEL-000287,TRIP-000240,TRK-01,DRV-01,2025-03-02,76.64,4.108,314.84,"Chevron, Oakland, CA"
FUEL-000288,TRIP-000241,TRK-01,DRV-01,2025-03-03,62.02,3.994,247.71,"Pilot Flying J, Grants Pass, OR"
FUEL-000289,TRIP-000242,TRK-01,DRV-01,2025-02-26,161.98,3.922,635.29,"Chevron, Oakland, CA"
FUEL-000290,TRIP-000243,TRK-01,DRV-01,2025-02-28,157.79,3.985,628.79,"Pilot Flying J, Grants Pass, OR"
FUEL-000291,TRIP-000244,TRK-02,DRV-02,2025-03-01,37.46,3.919,146.81,"Pilot Flying J, Grants Pass, OR"
FUEL-000292,TRIP-000245,TRK-02,DRV-02,2025-03-03,47.43,4.035,191.38,"Love's Travel Stop, Sacramento, CA"
FUEL-000293,TRIP-000246,TRK-02,DRV-02,2025-03-03,38.43,3.999,153.68,"Love's Travel Stop, Sacramento, CA"
FUEL-000294,TRIP-000247,TRK-01,DRV-01,2025-03-10,156.31,4.049,632.9,"TA Travel Center, Redding, CA"
FUEL-000295,TRIP-000248,TRK-01,DRV-01,2025-03-11,163.97,4.123,676.05,"Love's Travel Stop, Mount Vernon, WA"
FUEL-000296,TRIP-000249,TRK-01,DRV-01,2025-03-07,75.71,4.009,303.52,"TA Travel Center, Redding, CA"
FUEL-000297,TRIP-000249,TRK-01,DRV-01,2025-03-07,75.71,4.094,309.96,"Love's Travel Stop, Sacramento, CA"
FUEL-000298,TRIP-000250,TRK-02,DRV-02,2025-03-05,37.35,4.007,149.66,"Love's Travel Stop, Sacramento, CA"
FUEL-000299,TRIP-000251,TRK-02,DRV-02,2025-03-07,45.84,4.092,187.58,"Chevron, Oakland, CA"
FUEL-000300,TRIP-000252,TRK-02,DRV-02,2025-03-10,56.55,4.183,236.55,"Pilot Flying J, Portland, OR"
FUEL-000301,TRIP-000252,TRK-02,DRV-02,2025-03-10,56.55,4.151,234.74,"TA Travel Center, Redding, CA"
FUEL-000302,TRIP-000253,TRK-02,DRV-02,2025-03-12,122.82,4.05,497.42,"Pilot Flying J, Grants Pass, OR"
FUEL-000303,TRIP-000254,TRK-01,DRV-01,2025-03-17,78.41,4.127,323.6,"Pilot Flying J, Portland, OR"
FUEL-000304,TRIP-000254,TRK-01,DRV-01,2025-03-17,78.4,3.942,309.05,"Love's Travel Stop, Sacramento, CA"
FUEL-000305,TRIP-000255,TRK-01,DRV-01,2025-03-18,151.39,3.908,591.63,"Love's Travel Stop, Mount Vernon, WA"
FUEL-000306,TRIP-000256,TRK-01,DRV-01,2025-03-14,74.21,4.077,302.55,"TA Travel Center, Redding, CA"
FUEL-000307,TRIP-000256,TRK-01,DRV-01,2025-03-14,74.21,4.218,313.02,"Love's Travel Stop, Mount Vernon, WA"
FUEL-000308,TRIP-000257,TRK-01,DRV-01,2025-03-15,63.67,4.14,263.59,"Chevron, Oakland, CA"
FUEL-000309,TRIP-000258,TRK-02,DRV-02,2025-03-13,53.55,4.093,219.18,"Pilot Flying J, Portland, OR"
FUEL-000310,TRIP-000258,TRK-02,DRV-02,2025-03-13,53.54,3.898,208.7,"Chevron, Oakland, CA"
FUEL-000311,TRIP-000259,TRK-02,DRV-02,2025-03-15,126.85,3.958,502.07,"Pilot Flying J, Grants Pass, OR"
FUEL-000312,TRIP-000260,TRK-02,DRV-02,2025-03-16,56.52,3.966,224.16,"TA Travel Center, Redding, CA"
FUEL-000313,TRIP-000260,TRK-02,DRV-02,2025-03-16,56.52,4.043,228.51,"Pilot Flying J, Grants Pass, OR"
FUEL-000314,TRIP-000261,TRK-02,DRV-02,2025-03-18,124.48,4.079,507.75,"TA Travel Center, Redding, CA"
FUEL-000315,TRIP-000262,TRK-01,DRV-01,2025-03-22,159.61,4.115,656.8,"Love's Travel Stop, Mount Vernon, WA"
FUEL-000316,TRIP-000263,TRK-01,DRV-01,2025-03-24,162.76,4.061,660.97,"Pilot Flying J, Portland, OR"
FUEL-000317,TRIP-000264,TRK-02,DRV-02,2025-03-20,115.84,3.954,458.03,"Love's Travel Stop, Sacramento, CA"
FUEL-000318,TRIP-000265,TRK-02,DRV-02,2025-03-22,113.27,4.046,458.29,"Pilot Flying J, Grants Pass, OR"
FUEL-000319,TRIP-000266,TRK-01,DRV-01,2025-03-27,153.47,4.075,625.39,"Chevron, Oakland, CA"
FUEL-000320,TRIP-000267,TRK-01,DRV-01,2025-03-28,67.0,4.106,275.1,"Chevron, Oakland, CA"
FUEL-000321,TRIP-000268,TRK-01,DRV-01,2025-03-29,76.77,4.069,312.38,"Love's Travel Stop, Mount Vernon, WA"
FUEL-000322,TRIP-000268,TRK-01,DRV-01,2025-03-29,76.77,4.198,322.28,"Pilot Flying J, Portland, OR"
FUEL-000323,TRIP-000269,TRK-01,DRV-01,2025-03-31,153.12,4.142,634.22,"Pilot Flying J, Portland, OR"
FUEL-000324,TRIP-000270,TRK-02,DRV-02,2025-03-25,57.62,4.249,244.83,"Pilot Flying J, Grants Pass, OR"
FUEL-000325,TRIP-000270,TRK-02,DRV-02,2025-03-25,57.63,4.052,233.52,"TA Travel Center, Redding, CA"
FUEL-000326,TRIP-000271,TRK-02,DRV-02,2025-03-27,118.16,4.008,473.59,"Pilot Flying J, Grants Pass, OR"
FUEL-000327,TRIP-000272,TRK-02,DRV-02,2025-03-26,37.68,4.084,153.89,"TA Travel Center, Redding, CA"
FUEL-000328,TRIP-000273,TRK-02,DRV-02,2025-03-27,47.57,4.07,193.61,"TA Travel Center, Redding, CA"
FUEL-000329,TRIP-000274,TRK-01,DRV-01,2025-04-01,77.39,4.146,320.86,"Love's Travel Stop, Mount Vernon, WA"
FUEL-000330,TRIP-000274,TRK-01,DRV-01,2025-04-01,77.39,3.971,307.32,"Pilot Flying J, Portland, OR"
FUEL-000331,TRIP-000275,TRK-01,DRV-01,2025-04-03,62.32,4.216,262.74,"Love's Travel Stop, Sacramento, CA"
FUEL-000332,TRIP-000276,TRK-01,DRV-01,2025-04-04,52.6,4.089,215.08,"Pilot Flying J, Grants Pass, OR"
FUEL-000333,TRIP-000277,TRK-01,DRV-01,2025-04-05,60.0,4.204,252.24,"Chevron, Oakland, CA"
FUEL-000334,TRIP-000278,TRK-01,DRV-01,2025-04-03,152.67,4.149,633.43,"Pilot Flying J, Portland, OR"
FUEL-000335,TRIP-000279,TRK-02,DRV-02,2025-04-03,59.87,4.144,248.1,"Pilot Flying J, Grants Pass, OR"
FUEL-000336,TRIP-000279,TRK-02,DRV-02,2025-04-03,59.87,4.066,243.43,"TA Travel Center, Redding, CA"
FUEL-000337,TRIP-000280,TRK-02,DRV-02,2025-04-05,119.77,4.282,512.86,"Love's Travel Stop, Sacramento, CA"
FUEL-000338,TRIP-000281,TRK-02,DRV-02,2025-04-02,56.08,4.136,231.95,"Chevron, Oakland, CA"
FUEL-000339,TRIP-000281,TRK-02,DRV-02,2025-04-02,56.07,4.123,231.18,"Chevron, Oakland, CA"
FUEL-000340,TRIP-000282,TRK-02,DRV-02,2025-04-03,122.66,4.106,503.64,"Love's Travel Stop, Sacramento, CA"
FUEL-000341,TRIP-000283,TRK-02,DRV-02,2025-04-05,41.18,4.09,168.43,"Love's Travel Stop, Sacramento, CA"
FUEL-000342,TRIP-000284,TRK-02,DRV-02,2025-04-06,121.78,4.233,515.49,"Pilot Flying J, Grants Pass, OR"
FUEL-000343,TRIP-000285,TRK-01,DRV-01,2025-04-10,150.19,4.136,621.19,"TA Travel Center, Redding, CA"
FUEL-000344,TRIP-000286,TRK-01,DRV-01,2025-04-12,66.4,4.188,278.08,"Pilot Flying J, Portland, OR"
FUEL-000345,TRIP-000287,TRK-01,DRV-01,2025-04-08,158.4,4.163,659.42,"Chevron, Oakland, CA"
FUEL-000346,TRIP-000288,TRK-01,DRV-01,2025-04-10,154.77,4.037,624.81,"TA Travel Center, Redding, CA"
FUEL-000347,TRIP-000289,TRK-02,DRV-02,2025-04-12,54.84,4.191,229.83,"TA Travel Center, Redding, CA"
FUEL-000348,TRIP-000289,TRK-02,DRV-02,2025-04-12,54.83,4.226,231.71,"Love's Travel Stop, Sacramento, CA"
FUEL-000349,TRIP-000290,TRK-02,DRV-02,2025-04-09,57.58,3.971,228.65,"Chevron, Oakland, CA"
FUEL-000350,TRIP-000290,TRK-02,DRV-02,2025-04-09,57.57,4.057,233.56,"Chevron, Oakland, CA"
FUEL-000351,TRIP-000291,TRK-02,DRV-02,2025-04-11,45.58,4.203,191.57,"Love's Travel Stop, Sacramento, CA"
FUEL-000352,TRIP-000292,TRK-01,DRV-01,2025-04-18,78.49,4.243,333.03,"TA Travel Center, Redding, CA"
FUEL-000353,TRIP-000292,TRK-01,DRV-01,2025-04-18,78.49,3.949,309.96,"Love's Travel Stop, Mount Vernon, WA"
FUEL-000354,TRIP-000293,TRK-01,DRV-01,2025-04-20,144.8,4.067,588.9,"Love's Travel Stop, Sacramento, CA"
FUEL-000355,TRIP-000294,TRK-01,DRV-01,2025-04-22,170.08,4.12,700.73,"Love's Travel Stop, Mount Vernon, WA"
FUEL-000356,TRIP-000295,TRK-01,DRV-01,2025-04-16,160.68,4.13,663.61,"Love's Travel Stop, Mount Vernon, WA"
FUEL-000357,TRIP-000296,TRK-01,DRV-01,2025-04-18,158.97,4.228,672.13,"Love's Travel Stop, Mount Vernon, WA"
FUEL-000358,TRIP-000297,TRK-02,DRV-02,2025-04-19,117.81,4.131,486.67,"Love's Travel Stop, Mount Vernon, WA"
FUEL-000359,TRIP-000298,TRK-02,DRV-02,2025-04-20,124.3,4.093,508.76,"TA Travel Center, Redding, CA"
FUEL-000360,TRIP-000299,TRK-02,DRV-02,2025-04-21,56.02,4.024,225.42,"Love's Travel Stop, Sacramento, CA"
FUEL-000361,TRIP-000299,TRK-02,DRV-02,2025-04-21,56.03,4.014,224.9,"Pilot Flying J, Portland, OR"
FUEL-000362,TRIP-000300,TRK-02,DRV-02,2025-04-22,118.8,4.026,478.29,"Love's Travel Stop, Mount Vernon, WA"
FUEL-000363,TRIP-000301,TRK-02,DRV-02,2025-04-20,58.12,4.033,234.4,"TA Travel Center, Redding, CA"
FUEL-000364,TRIP-000301,TRK-02,DRV-02,2025-04-20,58.12,4.175,242.65,"Pilot Flying J, Portland, OR"
FUEL-000365,TRIP-000302,TRK-02,DRV-02,2025-04-21,113.77,4.079,464.07,"Love's Travel Stop, Sacramento, CA"
FUEL-000366,TRIP-000303,TRK-01,DRV-01,2025-04-26,74.68,4.072,304.1,"Love's Travel Stop, Mount Vernon, WA"
FUEL-000367,TRIP-000303,TRK-01,DRV-01,2025-04-26,74.68,4.003,298.94,"TA Travel Center, Redding, CA"
FUEL-000368,TRIP-000304,TRK-01,DRV-01,2025-04-27,60.51,4.14,250.51,"Chevron, Oakland, CA"
FUEL-000369,TRIP-000305,TRK-01,DRV-01,2025-04-22,51.29,4.261,218.55,"Chevron, Oakland, CA"
FUEL-000370,TRIP-000306,TRK-01,DRV-01,2025-04-23,65.24,4.055,264.55,"Love's Travel Stop, Mount Vernon, WA"
FUEL-000371,TRIP-000307,TRK-01,DRV-01,2025-04-24,49.06,4.098,201.05,"Chevron, Oakland, CA"
FUEL-000372,TRIP-000308,TRK-01,DRV-01,2025-04-25,162.77,4.151,675.66,"Love's Travel Stop, Mount Vernon, WA"
FUEL-000373,TRIP-000309,TRK-02,DRV-02,2025-04-27,57.88,4.05,234.41,"Love's Travel Stop, Mount Vernon, WA"
FUEL-000374,TRIP-000309,TRK-02,DRV-02,2025-04-27,57.89,4.163,241.0,"Pilot Flying J, Portland, OR"
FUEL-000375,TRIP-000310,TRK-02,DRV-02,2025-04-29,118.74,4.189,497.4,"Love's Travel Stop, Sacramento, CA"
FUEL-000376,TRIP-000311,TRK-02,DRV-02,2025-04-28,118.02,4.001,472.2,"Love's Travel Stop, Sacramento, CA"
FUEL-000377,TRIP-000312,TRK-02,DRV-02,2025-04-23,57.35,4.228,242.48,"Chevron, Oakland, CA"
FUEL-000378,TRIP-000312,TRK-02,DRV-02,2025-04-23,57.36,4.157,238.45,"Pilot Flying J, Grants Pass, OR"
FUEL-000379,TRIP-000313,TRK-02,DRV-02,2025-04-25,48.63,4.201,204.29,"Love's Travel Stop, Mount Vernon, WA"
FUEL-000380,TRIP-000314,TRK-01,DRV-01,2025-05-01,146.96,4.034,592.84,"Love's Travel Stop, Sacramento, CA"
FUEL-000381,TRIP-000315,TRK-01,DRV-01,2025-05-02,166.67,4.143,690.51,"Love's Travel Stop, Mount Vernon, WA"
FUEL-000382,TRIP-000316,TRK-01,DRV-01,2025-04-29,153.08,4.114,629.77,"Pilot Flying J, Grants Pass, OR"
FUEL-000383,TRIP-000317,TRK-01,DRV-01,2025-05-01,66.8,3.988,266.4,"Pilot Flying J, Portland, OR"
FUEL-000384,TRIP-000318,TRK-01,DRV-01,2025-05-04,77.2,4.032,311.27,"TA Travel Center, Redding, CA"
FUEL-000385,TRIP-000318,TRK-01,DRV-01,2025-05-04,77.21,4.046,312.39,"Love's Travel Stop, Mount Vernon, WA"
FUEL-000386,TRIP-000319,TRK-02,DRV-02,2025-05-04,35.45,4.04,143.22,"Chevron, Oakland, CA"
FUEL-000387,TRIP-000320,TRK-02,DRV-02,2025-05-05,123.1,4.193,516.16,"Love's Travel Stop, Sacramento, CA"
FUEL-000388,TRIP-000321,TRK-02,DRV-02,2025-04-29,111.34,3.946,439.35,"Chevron, Oakland, CA"
FUEL-000389,TRIP-000322,TRK-02,DRV-02,2025-04-30,119.38,4.073,486.23,"Pilot Flying J, Portland, OR"
FUEL-000390,TRIP-000323,TRK-02,DRV-02,2025-05-05,116.71,4.105,479.09,"Pilot Flying J, Portland, OR"
FUEL-000391,TRIP-000324,TRK-02,DRV-02,2025-05-07,121.46,4.045,491.31,"TA Travel Center, Redding, CA"
FUEL-000392,TRIP-000325,TRK-01,DRV-01,2025-05-11,155.04,4.197,650.7,"TA Travel Center, Redding, CA"
FUEL-000393,TRIP-000326,TRK-01,DRV-01,2025-05-12,159.55,4.093,653.04,"Love's Travel Stop, Sacramento, CA"
FUEL-000394,TRIP-000327,TRK-01,DRV-01,2025-05-11,54.92,4.076,223.85,"Love's Travel Stop, Mount Vernon, WA"
FUEL-000395,TRIP-000328,TRK-01,DRV-01,2025-05-13,154.82,4.191,648.85,"Pilot Flying J, Portland, OR"
FUEL-000396,TRIP-000329,TRK-01,DRV-01,2025-05-09,55.75,4.05,225.79,"TA Travel Center, Redding, CA"
FUEL-000397,TRIP-000330,TRK-01,DRV-01,2025-05-11,67.87,4.205,285.39,"Pilot Flying J, Portland, OR"
FUEL-000398,TRIP-000331,TRK-02,DRV-02,2025-05-06,58.38,4.175,243.74,"Love's Travel Stop, Sacramento, CA"
FUEL-000399,TRIP-000331,TRK-02,DRV-02,2025-05-06,58.38,4.123,240.7,"Chevron, Oakland, CA"
FUEL-000400,TRIP-000332,TRK-02,DRV-02,2025-05-07,122.21,4.103,501.43,"Love's Travel Stop, Sacramento, CA"
FUEL-000401,TRIP-000333,TRK-02,DRV-02,2025-05-12,115.9,4.114,476.81,"Chevron, Oakland, CA"
FUEL-000402,TRIP-000334,TRK-02,DRV-02,2025-05-14,119.35,4.055,483.96,"Love's Travel Stop, Mount Vernon, WA"
FUEL-000403,TRIP-000335,TRK-02,DRV-02,2025-05-07,55.77,3.996,222.86,"TA Travel Center, Redding, CA"
FUEL-000404,TRIP-000335,TRK-02,DRV-02,2025-05-07,55.77,4.108,229.1,"Love's Travel Stop, Mount Vernon, WA"
FUEL-000405,TRIP-000336,TRK-02,DRV-02,2025-05-08,112.85,4.142,467.42,"Love's Travel Stop, Mount Vernon, WA"
FUEL-000406,TRIP-000337,TRK-01,DRV-01,2025-05-14,146.96,4.003,588.28,"Pilot Flying J, Portland, OR"
FUEL-000407,TRIP-000338,TRK-01,DRV-01,2025-05-16,165.15,4.196,692.97,"Love's Travel Stop, Mount Vernon, WA"
FUEL-000408,TRIP-000339,TRK-01,DRV-01,2025-05-16,78.38,4.133,323.94,"TA Travel Center, Redding, CA"
FUEL-000409,TRIP-000339,TRK-01,DRV-01,2025-05-16,78.37,4.059,318.1,"Love's Travel Stop, Mount Vernon, WA"
FUEL-000410,TRIP-000340,TRK-01,DRV-01,2025-05-17,157.46,4.15,653.46,"TA Travel Center, Redding, CA"
FUEL-000411,TRIP-000341,TRK-01,DRV-01,2025-05-19,74.95,4.031,302.12,"Pilot Flying J, Portland, OR"
FUEL-000412,TRIP-000341,TRK-01,DRV-01,2025-05-19,74.96,4.048,303.44,"Love's Travel Stop, Mount Vernon, WA"
FUEL-000413,TRIP-000342,TRK-02,DRV-02,2025-05-17,56.97,4.019,228.96,"TA Travel Center, Redding, CA"
FUEL-000414,TRIP-000342,TRK-02,DRV-02,2025-05-17,56.96,4.166,237.3,"Pilot Flying J, Grants Pass, OR"
FUEL-000415,TRIP-000343,TRK-02,DRV-02,2025-05-19,48.08,4.292,206.36,"Love's Travel Stop, Mount Vernon, WA"
FUEL-000416,TRIP-000344,TRK-02,DRV-02,2025-05-16,58.23,4.173,242.99,"Pilot Flying J, Grants Pass, OR"
FUEL-000417,TRIP-000344,TRK-02,DRV-02,2025-05-16,58.22,4.138,240.91,"Love's Travel Stop, Mount Vernon, WA"
FUEL-000418,TRIP-000345,TRK-02,DRV-02,2025-05-19,120.7,4.128,498.25,"Love's Travel Stop, Sacramento, CA"
FUEL-000419,TRIP-000346,TRK-02,DRV-02,2025-05-21,115.6,4.021,464.83,"TA Travel Center, Redding, CA"
FUEL-000420,TRIP-000347,TRK-01,DRV-01,2025-05-22,75.42,4.269,321.97,"Chevron, Oakland, CA"
FUEL-000421,TRIP-000347,TRK-01,DRV-01,2025-05-22,75.42,4.163,313.97,"Chevron, Oakland, CA"
FUEL-000422,TRIP-000348,TRK-01,DRV-01,2025-05-23,163.87,4.246,695.79,"Pilot Flying J, Grants Pass, OR"
FUEL-000423,TRIP-000349,TRK-01,DRV-01,2025-05-26,48.06,4.268,205.12,"Pilot Flying J, Grants Pass, OR"
FUEL-000424,TRIP-000350,TRK-01,DRV-01,2025-05-27,168.15,3.96,665.87,"Love's Travel Stop, Sacramento, CA"
FUEL-000425,TRIP-000351,TRK-02,DRV-02,2025-05-21,36.27,4.233,153.53,"Pilot Flying J, Grants Pass, OR"
FUEL-000426,TRIP-000352,TRK-02,DRV-02,2025-05-22,120.31,4.186,503.62,"Pilot Flying J, Grants Pass, OR"
FUEL-000427,TRIP-000353,TRK-02,DRV-02,2025-05-20,55.44,4.23,234.51,"Pilot Flying J, Grants Pass, OR"
FUEL-000428,TRIP-000353,TRK-02,DRV-02,2025-05-20,55.44,3.999,221.7,"TA Travel Center, Redding, CA"
FUEL-000429,TRIP-000354,TRK-02,DRV-02,2025-05-22,46.6,4.232,197.21,"Love's Travel Stop, Mount Vernon, WA"
FUEL-000430,TRIP-000355,TRK-01,DRV-01,2025-05-27,161.08,4.102,660.75,"TA Travel Center, Redding, CA"
FUEL-000431,TRIP-000356,TRK-01,DRV-01,2025-05-29,63.98,4.06,259.76,"Love's Travel Stop, Sacramento, CA"
FUEL-000432,TRIP-000357,TRK-01,DRV-01,2025-05-28,53.5,4.103,219.51,"Love's Travel Stop, Mount Vernon, WA"
FUEL-000433,TRIP-000358,TRK-01,DRV-01,2025-05-29,149.44,4.043,604.19,"Pilot Flying J, Portland, OR"
FUEL-000434,TRIP-000359,TRK-02,DRV-02,2025-06-02,57.63,4.202,242.16,"Pilot Flying J, Grants Pass, OR"
FUEL-000435,TRIP-000359,TRK-02,DRV-02,2025-06-02,57.64,4.136,238.4,"Pilot Flying J, Portland, OR"
FUEL-000436,TRIP-000360,TRK-02,DRV-02,2025-06-03,125.11,4.218,527.71,"Love's Travel Stop, Sacramento, CA"
FUEL-000437,TRIP-000361,TRK-02,DRV-02,2025-05-29,114.43,3.988,456.35,"Love's Travel Stop, Sacramento, CA"
FUEL-000438,TRIP-000362,TRK-01,DRV-01,2025-06-07,76.22,4.024,306.71,"Love's Travel Stop, Sacramento, CA"
FUEL-000439,TRIP-000362,TRK-01,DRV-01,2025-06-07,76.23,4.086,311.48,"Love's Travel Stop, Mount Vernon, WA"
FUEL-000440,TRIP-000363,TRK-01,DRV-01,2025-06-04,76.36,4.093,312.54,"Love's Travel Stop, Mount Vernon, WA"
FUEL-000441,TRIP-000363,TRK-01,DRV-01,2025-06-04,76.35,4.139,316.01,"TA Travel Center, Redding, CA"
FUEL-000442,TRIP-000364,TRK-01,DRV-01,2025-06-05,160.95,4.188,674.06,"Chevron, Oakland, CA"
FUEL-000443,TRIP-000365,TRK-01,DRV-01,2025-06-09,82.67,4.206,347.71,"Love's Travel Stop, Mount Vernon, WA"
FUEL-000444,TRIP-000365,TRK-01,DRV-01,2025-06-09,82.68,4.225,349.32,"TA Travel Center, Redding, CA"
FUEL-000445,TRIP-000366,TRK-01,DRV-01,2025-06-10,162.57,3.998,649.95,"TA Travel Center, Redding, CA"
FUEL-000446,TRIP-000367,TRK-02,DRV-02,2025-06-08,111.22,4.218,469.13,"TA Travel Center, Redding, CA"
FUEL-000447,TRIP-000368,TRK-02,DRV-02,2025-06-10,117.01,4.256,497.99,"Chevron, Oakland, CA"
FUEL-000448,TRIP-000369,TRK-02,DRV-02,2025-06-06,114.29,4.08,466.3,"Chevron, Oakland, CA"
FUEL-000449,TRIP-000370,TRK-02,DRV-02,2025-06-07,113.64,4.224,480.02,"Chevron, Oakland, CA"
FUEL-000450,TRIP-000371,TRK-02,DRV-02,2025-06-04,59.02,4.227,249.48,"Chevron, Oakland, CA"
FUEL-000451,TRIP-000371,TRK-02,DRV-02,2025-06-04,59.02,4.038,238.32,"Love's Travel Stop, Mount Vernon, WA"
FUEL-000452,TRIP-000372,TRK-02,DRV-02,2025-06-05,45.14,4.185,188.91,"Love's Travel Stop, Mount Vernon, WA"
FUEL-000453,TRIP-000373,TRK-01,DRV-01,2025-06-15,154.75,4.254,658.31,"TA Travel Center, Redding, CA"
FUEL-000454,TRIP-000374,TRK-01,DRV-01,2025-06-17,160.0,4.174,667.84,"Pilot Flying J, Portland, OR"
FUEL-000455,TRIP-000375,TRK-01,DRV-01,2025-06-11,156.0,4.026,628.06,"Love's Travel Stop, Sacramento, CA"
FUEL-000456,TRIP-000376,TRK-01,DRV-01,2025-06-12,67.47,4.02,271.23,"TA Travel Center, Redding, CA"
FUEL-000457,TRIP-000377,TRK-02,DRV-02,2025-06-11,56.33,4.156,234.11,"Love's Travel Stop, Mount Vernon, WA"
FUEL-000458,TRIP-000377,TRK-02,DRV-02,2025-06-11,56.33,4.081,229.88,"Pilot Flying J, Portland, OR"
FUEL-000459,TRIP-000378,TRK-02,DRV-02,2025-06-14,36.92,4.121,152.15,"Pilot Flying J, Grants Pass, OR"
FUEL-000460,TRIP-000379,TRK-01,DRV-01,2025-06-17,78.18,4.209,329.06,"TA Travel Center, Redding, CA"
FUEL-000461,TRIP-000379,TRK-01,DRV-01,2025-06-17,78.18,4.211,329.22,"TA Travel Center, Redding, CA"
FUEL-000462,TRIP-000380,TRK-01,DRV-01,2025-06-23,80.32,4.059,326.02,"Love's Travel Stop, Mount Vernon, WA"
FUEL-000463,TRIP-000380,TRK-01,DRV-01,2025-06-23,80.32,4.332,347.95,"Love's Travel Stop, Mount Vernon, WA"
FUEL-000464,TRIP-000381,TRK-01,DRV-01,2025-06-24,60.55,4.111,248.92,"Chevron, Oakland, CA"
FUEL-000465,TRIP-000382,TRK-02,DRV-02,2025-06-21,112.15,4.133,463.52,"Love's Travel Stop, Mount Vernon, WA"
FUEL-000466,TRIP-000383,TRK-02,DRV-02,2025-06-22,44.09,4.29,189.15,"Pilot Flying J, Portland, OR"
FUEL-000467,TRIP-000384,TRK-02,DRV-02,2025-06-23,40.53,4.044,163.9,"Pilot Flying J, Portland, OR"
FUEL-000468,TRIP-000385,TRK-02,DRV-02,2025-06-25,124.34,4.235,526.58,"Pilot Flying J, Grants Pass, OR"
FUEL-000469,TRIP-000386,TRK-01,DRV-01,2025-06-27,154.84,4.087,632.83,"Love's Travel Stop, Sacramento, CA"
FUEL-000470,TRIP-000387,TRK-01,DRV-01,2025-06-28,172.06,4.076,701.32,"Pilot Flying J, Grants Pass, OR"
FUEL-000471,TRIP-000388,TRK-01,DRV-01,2025-06-28,48.98,4.139,202.73,"Chevron, Oakland, CA"
FUEL-000472,TRIP-000389,TRK-01,DRV-01,2025-06-30,160.35,4.18,670.26,"Love's Travel Stop, Sacramento, CA"
FUEL-000473,TRIP-000390,TRK-02,DRV-02,2025-06-24,53.92,4.285,231.05,"Pilot Flying J, Grants Pass, OR"
FUEL-000474,TRIP-000390,TRK-02,DRV-02,2025-06-24,53.92,4.04,217.84,"Love's Travel Stop, Sacramento, CA"
FUEL-000475,TRIP-000391,TRK-02,DRV-02,2025-06-26,113.02,4.094,462.7,"Love's Travel Stop, Mount Vernon, WA"
FUEL-000476,TRIP-000392,TRK-02,DRV-02,2025-06-29,119.45,4.116,491.66,"Love's Travel Stop, Sacramento, CA"
FUEL-000477,TRIP-000393,TRK-01,DRV-01,2025-07-04,81.25,4.109,333.86,"Chevron, Oakland, CA"
FUEL-000478,TRIP-000393,TRK-01,DRV-01,2025-07-04,81.25,3.93,319.31,"TA Travel Center, Redding, CA"
FUEL-000479,TRIP-000394,TRK-01,DRV-01,2025-07-05,168.8,3.913,660.51,"Love's Travel Stop, Sacramento, CA"
FUEL-000480,TRIP-000395,TRK-01,DRV-01,2025-07-02,51.8,3.952,204.71,"Love's Travel Stop, Mount Vernon, WA"
FUEL-000481,TRIP-000396,TRK-01,DRV-01,2025-07-03,150.75,4.11,619.58,"Pilot Flying J, Grants Pass, OR"
FUEL-000482,TRIP-000397,TRK-01,DRV-01,2025-07-01,48.98,4.208,206.11,"Pilot Flying J, Portland, OR"
FUEL-000483,TRIP-000398,TRK-01,DRV-01,2025-07-03,66.53,3.941,262.19,"Pilot Flying J, Grants Pass, OR"
FUEL-000484,TRIP-000399,TRK-02,DRV-02,2025-07-02,115.49,3.821,441.29,"Pilot Flying J, Portland, OR"
FUEL-000485,TRIP-000400,TRK-02,DRV-02,2025-07-04,119.74,3.903,467.35,"Pilot Flying J, Portland, OR"
FUEL-000486,TRIP-000401,TRK-02,DRV-02,2025-07-06,55.79,3.961,220.98,"Pilot Flying J, Portland, OR"
FUEL-000487,TRIP-000401,TRK-02,DRV-02,2025-07-06,55.79,3.964,221.15,"Pilot Flying J, Portland, OR"
FUEL-000488,TRIP-000402,TRK-02,DRV-02,2025-07-07,116.81,3.894,454.86,"Chevron, Oakland, CA"
FUEL-000489,TRIP-000403,TRK-02,DRV-02,2025-07-05,38.22,3.864,147.68,"Pilot Flying J, Grants Pass, OR"
FUEL-000490,TRIP-000404,TRK-02,DRV-02,2025-07-07,44.91,4.079,183.19,"Pilot Flying J, Grants Pass, OR"
FUEL-000491,TRIP-000405,TRK-01,DRV-01,2025-07-13,155.96,3.996,623.22,"Love's Travel Stop, Mount Vernon, WA"
FUEL-000492,TRIP-000406,TRK-01,DRV-01,2025-07-08,77.16,3.997,308.41,"Pilot Flying J, Portland, OR"
FUEL-000493,TRIP-000406,TRK-01,DRV-01,2025-07-08,77.16,4.009,309.33,"TA Travel Center, Redding, CA"
FUEL-000494,TRIP-000407,TRK-01,DRV-01,2025-07-09,161.67,3.983,643.93,"Pilot Flying J, Grants Pass, OR"
FUEL-000495,TRIP-000408,TRK-01,DRV-01,2025-07-11,80.55,4.035,325.02,"Pilot Flying J, Portland, OR"
FUEL-000496,TRIP-000408,TRK-01,DRV-01,2025-07-11,80.54,4.016,323.45,"Chevron, Oakland, CA"
FUEL-000497,TRIP-000409,TRK-01,DRV-01,2025-07-12,164.92,4.009,661.16,"Love's Travel Stop, Mount Vernon, WA"
FUEL-000498,TRIP-000410,TRK-02,DRV-02,2025-07-12,116.48,4.013,467.43,"TA Travel Center, Redding, CA"
FUEL-000499,TRIP-000411,TRK-02,DRV-02,2025-07-13,119.77,3.914,468.78,"TA Travel Center, Redding, CA"
FUEL-000500,TRIP-000412,TRK-02,DRV-02,2025-07-10,118.14,3.87,457.2,"Pilot Flying J, Grants Pass, OR"
FUEL-000501,TRIP-000413,TRK-02,DRV-02,2025-07-12,116.76,3.877,452.68,"Love's Travel Stop, Sacramento, CA"
FUEL-000502,TRIP-000414,TRK-02,DRV-02,2025-07-09,55.87,3.937,219.96,"Love's Travel Stop, Mount Vernon, WA"
FUEL-000503,TRIP-000414,TRK-02,DRV-02,2025-07-09,55.86,4.055,226.51,"Pilot Flying J, Grants Pass, OR"
FUEL-000504,TRIP-000415,TRK-02,DRV-02,2025-07-10,47.44,3.877,183.92,"TA Travel Center, Redding, CA"
FUEL-000505,TRIP-000416,TRK-01,DRV-01,2025-07-20,80.55,3.874,312.05,"Chevron, Oakland, CA"
FUEL-000506,TRIP-000416,TRK-01,DRV-01,2025-07-20,80.55,4.079,328.56,"Love's Travel Stop, Mount Vernon, WA"
FUEL-000507,TRIP-000417,TRK-01,DRV-01,2025-07-21,170.53,4.016,684.85,"Pilot Flying J, Portland, OR"
FUEL-000508,TRIP-000418,TRK-01,DRV-01,2025-07-17,74.58,3.988,297.43,"Love's Travel Stop, Sacramento, CA"
FUEL-000509,TRIP-000418,TRK-01,DRV-01,2025-07-17,74.57,3.996,297.98,"Love's Travel Stop, Sacramento, CA"
FUEL-000510,TRIP-000419,TRK-01,DRV-01,2025-07-19,165.24,4.017,663.77,"Pilot Flying J, Portland, OR"
FUEL-000511,TRIP-000420,TRK-01,DRV-01,2025-07-19,73.0,3.828,279.44,"Chevron, Oakland, CA"
FUEL-000512,TRIP-000420,TRK-01,DRV-01,2025-07-19,73.0,3.994,291.56,"TA Travel Center, Redding, CA"
FUEL-000513,TRIP-000421,TRK-01,DRV-01,2025-07-20,162.3,3.82,619.99,"Pilot Flying J, Grants Pass, OR"
FUEL-000514,TRIP-000422,TRK-02,DRV-02,2025-07-18,39.91,4.001,159.68,"TA Travel Center, Redding, CA"
FUEL-000515,TRIP-000423,TRK-02,DRV-02,2025-07-19,114.23,3.79,432.93,"Love's Travel Stop, Mount Vernon, WA"
FUEL-000516,TRIP-000424,TRK-02,DRV-02,2025-07-16,41.09,3.953,162.43,"Love's Travel Stop, Sacramento, CA"
FUEL-000517,TRIP-000425,TRK-02,DRV-02,2025-07-17,116.5,3.786,441.07,"Chevron, Oakland, CA"
FUEL-000518,TRIP-000426,TRK-02,DRV-02,2025-07-16,59.77,3.985,238.18,"TA Travel Center, Redding, CA"
FUEL-000519,TRIP-000426,TRK-02,DRV-02,2025-07-16,59.76,3.974,237.49,"Pilot Flying J, Portland, OR"
FUEL-000520,TRIP-000427,TRK-02,DRV-02,2025-07-17,44.3,3.944,174.72,"Love's Travel Stop, Mount Vernon, WA"
FUEL-000521,TRIP-000428,TRK-01,DRV-01,2025-07-28,154.05,4.005,616.97,"Pilot Flying J, Portland, OR"
FUEL-000522,TRIP-000429,TRK-01,DRV-01,2025-07-30,60.73,3.906,237.21,"TA Travel Center, Redding, CA"
FUEL-000523,TRIP-000430,TRK-01,DRV-01,2025-07-23,160.12,3.983,637.76,"Chevron, Oakland, CA"
FUEL-000524,TRIP-000431,TRK-01,DRV-01,2025-07-24,157.33,3.824,601.63,"Pilot Flying J, Grants Pass, OR"
FUEL-000525,TRIP-000432,TRK-01,DRV-01,2025-07-27,72.86,4.109,299.38,"Pilot Flying J, Grants Pass, OR"
FUEL-000526,TRIP-000432,TRK-01,DRV-01,2025-07-27,72.86,4.01,292.17,"Love's Travel Stop, Mount Vernon, WA"
FUEL-000527,TRIP-000433,TRK-01,DRV-01,2025-07-29,163.95,4.034,661.37,"Love's Travel Stop, Sacramento, CA"
FUEL-000528,TRIP-000434,TRK-02,DRV-02,2025-07-25,113.76,3.974,452.08,"Love's Travel Stop, Sacramento, CA"
FUEL-000529,TRIP-000435,TRK-02,DRV-02,2025-07-26,44.57,3.907,174.13,"TA Travel Center, Redding, CA"
FUEL-000530,TRIP-000436,TRK-02,DRV-02,2025-07-26,54.93,3.813,209.45,"TA Travel Center, Redding, CA"
FUEL-000531,TRIP-000436,TRK-02,DRV-02,2025-07-26,54.93,4.016,220.6,"Love's Travel Stop, Sacramento, CA"
FUEL-000532,TRIP-000437,TRK-02,DRV-02,2025-07-27,48.25,4.035,194.69,"Chevron, Oakland, CA"
FUEL-000533,TRIP-000438,TRK-02,DRV-02,2025-07-23,57.12,3.843,219.51,"Love's Travel Stop, Mount Vernon, WA"
FUEL-000534,TRIP-000438,TRK-02,DRV-02,2025-07-23,57.12,4.007,228.88,"TA Travel Center, Redding, CA"
FUEL-000535,TRIP-000439,TRK-02,DRV-02,2025-07-24,121.07,3.964,479.92,"Pilot Flying J, Portland, OR"
FUEL-000536,TRIP-000440,TRK-01,DRV-01,2025-07-30,154.83,3.989,617.62,"Love's Travel Stop, Sacramento, CA"
FUEL-000537,TRIP-000441,TRK-01,DRV-01,2025-07-31,57.68,3.896,224.72,"TA Travel Center, Redding, CA"
FUEL-000538,TRIP-000442,TRK-01,DRV-01,2025-07-30,51.25,3.891,199.41,"Love's Travel Stop, Sacramento, CA"
FUEL-000539,TRIP-000443,TRK-01,DRV-01,2025-08-01,63.13,3.949,249.3,"Chevron, Oakland, CA"
FUEL-000540,TRIP-000444,TRK-02,DRV-02,2025-08-03,110.27,4.013,442.51,"Love's Travel Stop, Sacramento, CA"
FUEL-000541,TRIP-000445,TRK-02,DRV-02,2025-08-05,121.42,3.943,478.76,"TA Travel Center, Redding, CA"
FUEL-000542,TRIP-000446,TRK-02,DRV-02,2025-08-02,108.83,3.958,430.75,"Love's Travel Stop, Mount Vernon, WA"
FUEL-000543,TRIP-000447,TRK-02,DRV-02,2025-08-03,118.4,3.919,464.01,"Love's Travel Stop, Sacramento, CA"
FUEL-000544,TRIP-000448,TRK-01,DRV-01,2025-08-10,49.34,3.949,194.84,"Pilot Flying J, Grants Pass, OR"
FUEL-000545,TRIP-000449,TRK-01,DRV-01,2025-08-11,58.82,3.918,230.46,"Chevron, Oakland, CA"
FUEL-000546,TRIP-000450,TRK-01,DRV-01,2025-08-11,159.84,3.953,631.85,"Chevron, Oakland, CA"
FUEL-000547,TRIP-000451,TRK-02,DRV-02,2025-08-10,118.91,3.898,463.51,"Love's Travel Stop, Mount Vernon, WA"
FUEL-000548,TRIP-000452,TRK-02,DRV-02,2025-08-11,123.02,4.117,506.47,"TA Travel Center, Redding, CA"
FUEL-000549,TRIP-000453,TRK-02,DRV-02,2025-08-10,37.5,3.931,147.41,"Pilot Flying J, Portland, OR"
FUEL-000550,TRIP-000454,TRK-02,DRV-02,2025-08-12,41.82,3.902,163.18,"Pilot Flying J, Portland, OR"
FUEL-000551,TRIP-000455,TRK-01,DRV-01,2025-08-17,164.48,3.965,652.16,"Love's Travel Stop, Mount Vernon, WA"
FUEL-000552,TRIP-000456,TRK-01,DRV-01,2025-08-18,67.21,4.092,275.02,"Pilot Flying J, Portland, OR"
FUEL-000553,TRIP-000457,TRK-01,DRV-01,2025-08-14,166.73,3.857,643.08,"Chevron, Oakland, CA"
FUEL-000554,TRIP-000458,TRK-01,DRV-01,2025-08-17,154.56,4.111,635.4,"Chevron, Oakland, CA"
FUEL-000555,TRIP-000459,TRK-01,DRV-01,2025-08-18,159.53,3.911,623.92,"Chevron, Oakland, CA"
FUEL-000556,TRIP-000460,TRK-02,DRV-02,2025-08-18,113.88,4.015,457.23,"TA Travel Center, Redding, CA"
FUEL-000557,TRIP-000461,TRK-02,DRV-02,2025-08-19,43.22,4.068,175.82,"Love's Travel Stop, Mount Vernon, WA"
FUEL-000558,TRIP-000462,TRK-02,DRV-02,2025-08-18,121.02,3.914,473.67,"Pilot Flying J, Grants Pass, OR"
FUEL-000559,TRIP-000463,TRK-02,DRV-02,2025-08-20,120.83,3.817,461.21,"Love's Travel Stop, Mount Vernon, WA"
FUEL-000560,TRIP-000464,TRK-02,DRV-02,2025-08-12,37.3,4.104,153.08,"Love's Travel Stop, Sacramento, CA"
FUEL-000561,TRIP-000465,TRK-02,DRV-02,2025-08-14,45.83,4.047,185.47,"Pilot Flying J, Portland, OR"
FUEL-000562,TRIP-000466,TRK-01,DRV-01,2025-08-21,80.81,3.839,310.23,"Love's Travel Stop, Mount Vernon, WA"
FUEL-000563,TRIP-000466,TRK-01,DRV-01,2025-08-21,80.82,4.128,333.62,"Chevron, Oakland, CA"
FUEL-000564,TRIP-000467,TRK-01,DRV-01,2025-08-23,61.22,3.896,238.51,"Pilot Flying J, Grants Pass, OR"
FUEL-000565,TRIP-000468,TRK-01,DRV-01,2025-08-25,55.86,3.865,215.9,"Chevron, Oakland, CA"
FUEL-000566,TRIP-000469,TRK-01,DRV-01,2025-08-27,164.07,4.088,670.72,"Chevron, Oakland, CA"
FUEL-000567,TRIP-000470,TRK-02,DRV-02,2025-08-20,38.66,3.812,147.37,"Chevron, Oakland, CA"
FUEL-000568,TRIP-000471,TRK-02,DRV-02,2025-08-21,123.74,3.974,491.74,"Pilot Flying J, Portland, OR"
FUEL-000569,TRIP-000472,TRK-02,DRV-02,2025-08-19,115.74,3.969,459.37,"Chevron, Oakland, CA"
FUEL-000570,TRIP-000473,TRK-02,DRV-02,2025-08-21,110.84,4.083,452.56,"Chevron, Oakland, CA"
FUEL-000571,TRIP-000474,TRK-01,DRV-01,2025-08-31,76.92,3.961,304.68,"TA Travel Center, Redding, CA"
FUEL-000572,TRIP-000474,TRK-01,DRV-01,2025-08-31,76.91,3.998,307.49,"Chevron, Oakland, CA"
FUEL-000573,TRIP-000475,TRK-01,DRV-01,2025-09-01,67.61,4.008,270.98,"Chevron, Oakland, CA"
FUEL-000574,TRIP-000476,TRK-01,DRV-01,2025-09-01,144.55,3.894,562.88,"TA Travel Center, Redding, CA"
FUEL-000575,TRIP-000477,TRK-01,DRV-01,2025-09-03,157.25,3.96,622.71,"Love's Travel Stop, Sacramento, CA"
FUEL-000576,TRIP-000478,TRK-01,DRV-01,2025-08-29,78.08,3.967,309.74,"Pilot Flying J, Grants Pass, OR"
FUEL-000577,TRIP-000478,TRK-01,DRV-01,2025-08-29,78.09,3.903,304.79,"Chevron, Oakland, CA"
FUEL-000578,TRIP-000479,TRK-01,DRV-01,2025-08-30,158.19,4.055,641.46,"Pilot Flying J, Grants Pass, OR"
FUEL-000579,TRIP-000480,TRK-02,DRV-02,2025-09-01,116.0,3.954,458.66,"TA Travel Center, Redding, CA"
FUEL-000580,TRIP-000481,TRK-02,DRV-02,2025-09-02,120.64,4.034,486.66,"TA Travel Center, Redding, CA"
FUEL-000581,TRIP-000482,TRK-02,DRV-02,2025-09-01,36.2,3.973,143.82,"TA Travel Center, Redding, CA"
FUEL-000582,TRIP-000483,TRK-02,DRV-02,2025-09-02,48.97,4.021,196.91,"Pilot Flying J, Portland, OR"
FUEL-000583,TRIP-000484,TRK-02,DRV-02,2025-08-26,117.53,4.025,473.06,"Love's Travel Stop, Mount Vernon, WA"
FUEL-000584,TRIP-000485,TRK-01,DRV-01,2025-09-02,56.6,4.026,227.87,"Love's Travel Stop, Sacramento, CA"
FUEL-000585,TRIP-000486,TRK-01,DRV-01,2025-09-03,163.58,3.998,653.99,"Chevron, Oakland, CA"
FUEL-000586,TRIP-000487,TRK-01,DRV-01,2025-09-05,157.96,3.996,631.21,"TA Travel Center, Redding, CA"
FUEL-000587,TRIP-000488,TRK-01,DRV-01,2025-09-07,158.58,3.899,618.3,"Chevron, Oakland, CA"
FUEL-000588,TRIP-000489,TRK-01,DRV-01,2025-09-07,47.46,4.167,197.77,"Pilot Flying J, Grants Pass, OR"
FUEL-000589,TRIP-000490,TRK-01,DRV-01,2025-09-09,158.12,4.047,639.91,"Pilot Flying J, Grants Pass, OR"
FUEL-000590,TRIP-000491,TRK-02,DRV-02,2025-09-04,36.64,3.985,146.01,"Love's Travel Stop, Sacramento, CA"
FUEL-000591,TRIP-000492,TRK-02,DRV-02,2025-09-06,118.77,3.958,470.09,"Love's Travel Stop, Sacramento, CA"
FUEL-000592,TRIP-000493,TRK-02,DRV-02,2025-09-03,57.48,4.026,231.41,"Pilot Flying J, Portland, OR"
FUEL-000593,TRIP-000493,TRK-02,DRV-02,2025-09-03,57.48,4.166,239.46,"TA Travel Center, Redding, CA"
FUEL-000594,TRIP-000494,TRK-02,DRV-02,2025-09-05,45.49,3.898,177.32,"Love's Travel Stop, Mount Vernon, WA"
FUEL-000595,TRIP-000495,TRK-02,DRV-02,2025-09-05,35.64,3.871,137.96,"TA Travel Center, Redding, CA"
FUEL-000596,TRIP-000496,TRK-02,DRV-02,2025-09-06,122.45,3.824,468.25,"Pilot Flying J, Portland, OR"
FUEL-000597,TRIP-000497,TRK-01,DRV-01,2025-09-12,157.56,3.899,614.33,"TA Travel Center, Redding, CA"
FUEL-000598,TRIP-000498,TRK-01,DRV-01,2025-09-13,168.74,4.06,685.08,"Pilot Flying J, Portland, OR"
FUEL-000599,TRIP-000499,TRK-01,DRV-01,2025-09-15,160.75,3.941,633.52,"Love's Travel Stop, Mount Vernon, WA"
FUEL-000600,TRIP-000500,TRK-01,DRV-01,2025-09-17,158.56,3.926,622.51,"TA Travel Center, Redding, CA"
FUEL-000601,TRIP-000501,TRK-01,DRV-01,2025-09-13,147.69,3.874,572.15,"Pilot Flying J, Portland, OR"
FUEL-000602,TRIP-000502,TRK-01,DRV-01,2025-09-14,159.18,3.885,618.41,"Pilot Flying J, Portland, OR"
FUEL-000603,TRIP-000503,TRK-02,DRV-02,2025-09-14,39.61,3.874,153.45,"Pilot Flying J, Portland, OR"
FUEL-000604,TRIP-000504,TRK-02,DRV-02,2025-09-11,53.61,4.018,215.4,"Pilot Flying J, Grants Pass, OR"
FUEL-000605,TRIP-000504,TRK-02,DRV-02,2025-09-11,53.61,3.874,207.69,"Pilot Flying J, Grants Pass, OR"
FUEL-000606,TRIP-000505,TRK-02,DRV-02,2025-09-13,116.24,4.037,469.26,"Pilot Flying J, Portland, OR"
FUEL-000607,TRIP-000506,TRK-02,DRV-02,2025-09-14,118.94,3.914,465.53,"Chevron, Oakland, CA"
FUEL-000608,TRIP-000507,TRK-02,DRV-02,2025-09-15,120.62,4.004,482.96,"Pilot Flying J, Portland, OR"
FUEL-000609,TRIP-000508,TRK-01,DRV-01,2025-09-16,50.6,3.95,199.87,"Love's Travel Stop, Mount Vernon, WA"
FUEL-000610,TRIP-000509,TRK-01,DRV-01,2025-09-18,161.39,3.944,636.52,"Love's Travel Stop, Mount Vernon, WA"
FUEL-000611,TRIP-000510,TRK-01,DRV-01,2025-09-22,79.07,4.074,322.13,"Love's Travel Stop, Mount Vernon, WA"
FUEL-000612,TRIP-000510,TRK-01,DRV-01,2025-09-22,79.07,4.071,321.89,"Pilot Flying J, Portland, OR"
FUEL-000613,TRIP-000511,TRK-01,DRV-01,2025-09-18,147.59,3.98,587.41,"Chevron, Oakland, CA"
FUEL-000614,TRIP-000512,TRK-01,DRV-01,2025-09-19,56.29,4.092,230.34,"Love's Travel Stop, Sacramento, CA"
FUEL-000615,TRIP-000513,TRK-02,DRV-02,2025-09-19,55.69,4.04,224.99,"Pilot Flying J, Portland, OR"
FUEL-000616,TRIP-000513,TRK-02,DRV-02,2025-09-19,55.68,4.09,227.73,"Pilot Flying J, Portland, OR"
FUEL-000617,TRIP-000514,TRK-02,DRV-02,2025-09-20,119.88,4.081,489.23,"Love's Travel Stop, Mount Vernon, WA"
FUEL-000618,TRIP-000515,TRK-02,DRV-02,2025-09-18,115.65,3.888,449.65,"Love's Travel Stop, Sacramento, CA"
FUEL-000619,TRIP-000516,TRK-02,DRV-02,2025-09-19,120.57,3.911,471.55,"TA Travel Center, Redding, CA"
FUEL-000620,TRIP-000517,TRK-02,DRV-02,2025-09-18,59.13,4.096,242.2,"Pilot Flying J, Grants Pass, OR"
FUEL-000621,TRIP-000517,TRK-02,DRV-02,2025-09-18,59.14,4.005,236.86,"Pilot Flying J, Grants Pass, OR"
FUEL-000622,TRIP-000518,TRK-01,DRV-01,2025-09-26,47.76,4.022,192.09,"TA Travel Center, Redding, CA"
FUEL-000623,TRIP-000519,TRK-01,DRV-01,2025-09-27,164.68,4.046,666.3,"Pilot Flying J, Portland, OR"
FUEL-000624,TRIP-000520,TRK-01,DRV-01,2025-09-27,49.9,4.108,204.99,"TA Travel Center, Redding, CA"
FUEL-000625,TRIP-000521,TRK-01,DRV-01,2025-09-28,159.81,4.075,651.23,"TA Travel Center, Redding, CA"
FUEL-000626,TRIP-000522,TRK-02,DRV-02,2025-09-23,54.16,3.924,212.52,"TA Travel Center, Redding, CA"
FUEL-000627,TRIP-000522,TRK-02,DRV-02,2025-09-23,54.16,4.019,217.67,"Love's Travel Stop, Sacramento, CA"
FUEL-000628,TRIP-000523,TRK-02,DRV-02,2025-09-24,47.46,4.092,194.21,"Love's Travel Stop, Mount Vernon, WA"
FUEL-000629,TRIP-000524,TRK-02,DRV-02,2025-09-24,37.32,4.05,151.15,"Pilot Flying J, Portland, OR"
FUEL-000630,TRIP-000525,TRK-02,DRV-02,2025-09-25,121.82,4.045,492.76,"Chevron, Oakland, CA"
FUEL-000631,TRIP-000526,TRK-01,DRV-01,2025-10-05,50.0,3.899,194.95,"Chevron, Oakland, CA"
FUEL-000632,TRIP-000527,TRK-01,DRV-01,2025-10-07,162.16,3.973,644.26,"Love's Travel Stop, Mount Vernon, WA"
FUEL-000633,TRIP-000528,TRK-01,DRV-01,2025-10-01,159.84,4.161,665.09,"Chevron, Oakland, CA"
FUEL-000634,TRIP-000529,TRK-01,DRV-01,2025-10-03,162.98,4.072,663.65,"TA Travel Center, Redding, CA"
FUEL-000635,TRIP-000530,TRK-02,DRV-02,2025-10-04,109.94,4.037,443.83,"Chevron, Oakland, CA"
FUEL-000636,TRIP-000531,TRK-02,DRV-02,2025-10-06,114.48,4.044,462.96,"Pilot Flying J, Portland, OR"
FUEL-000637,TRIP-000532,TRK-02,DRV-02,2025-10-01,115.7,3.947,456.67,"TA Travel Center, Redding, CA"
FUEL-000638,TRIP-000533,TRK-02,DRV-02,2025-10-03,116.25,4.097,476.28,"TA Travel Center, Redding, CA"
FUEL-000639,TRIP-000534,TRK-01,DRV-01,2025-10-13,75.42,3.951,297.98,"Pilot Flying J, Grants Pass, OR"
FUEL-000640,TRIP-000534,TRK-01,DRV-01,2025-10-13,75.42,4.045,305.07,"Love's Travel Stop, Sacramento, CA"
FUEL-000641,TRIP-000535,TRK-01,DRV-01,2025-10-15,166.99,4.072,679.98,"Chevron, Oakland, CA"
FUEL-000642,TRIP-000536,TRK-01,DRV-01,2025-10-13,154.51,3.835,592.55,"TA Travel Center, Redding, CA"
FUEL-000643,TRIP-000537,TRK-01,DRV-01,2025-10-14,155.84,3.966,618.06,"Chevron, Oakland, CA"
FUEL-000644,TRIP-000538,TRK-01,DRV-01,2025-10-11,80.24,3.869,310.45,"Love's Travel Stop, Sacramento, CA"
FUEL-000645,TRIP-000538,TRK-01,DRV-01,2025-10-11,80.24,3.931,315.42,"Pilot Flying J, Portland, OR"
FUEL-000646,TRIP-000539,TRK-01,DRV-01,2025-10-13,164.54,4.11,676.26,"Love's Travel Stop, Sacramento, CA"
FUEL-000647,TRIP-000540,TRK-02,DRV-02,2025-10-09,112.46,3.922,441.07,"TA Travel Center, Redding, CA"
FUEL-000648,TRIP-000541,TRK-02,DRV-02,2025-10-10,112.76,3.889,438.52,"TA Travel Center, Redding, CA"
FUEL-000649,TRIP-000542,TRK-02,DRV-02,2025-10-11,55.61,3.903,217.05,"Love's Travel Stop, Mount Vernon, WA"
FUEL-000650,TRIP-000542,TRK-02,DRV-02,2025-10-11,55.61,3.977,221.16,"TA Travel Center, Redding, CA"
FUEL-000651,TRIP-000543,TRK-02,DRV-02,2025-10-13,122.78,4.065,499.1,"Love's Travel Stop, Sacramento, CA"
FUEL-000652,TRIP-000544,TRK-02,DRV-02,2025-10-11,57.41,3.919,224.99,"TA Travel Center, Redding, CA"
FUEL-000653,TRIP-000544,TRK-02,DRV-02,2025-10-11,57.4,3.938,226.04,"Pilot Flying J, Portland, OR"
FUEL-000654,TRIP-000545,TRK-02,DRV-02,2025-10-13,42.08,3.873,162.98,"TA Travel Center, Redding, CA"
FUEL-000655,TRIP-000546,TRK-01,DRV-01,2025-10-18,161.19,3.866,623.16,"TA Travel Center, Redding, CA"
FUEL-000656,TRIP-000547,TRK-01,DRV-01,2025-10-19,165.48,3.922,649.01,"Love's Travel Stop, Mount Vernon, WA"
FUEL-000657,TRIP-000548,TRK-01,DRV-01,2025-10-16,78.08,4.167,325.36,"Love's Travel Stop, Mount Vernon, WA"
FUEL-000658,TRIP-000548,TRK-01,DRV-01,2025-10-16,78.07,4.16,324.77,"Love's Travel Stop, Mount Vernon, WA"
FUEL-000659,TRIP-000549,TRK-01,DRV-01,2025-10-18,166.13,3.92,651.23,"Love's Travel Stop, Mount Vernon, WA"
FUEL-000660,TRIP-000550,TRK-02,DRV-02,2025-10-16,39.94,3.908,156.09,"Pilot Flying J, Grants Pass, OR"
FUEL-000661,TRIP-000551,TRK-02,DRV-02,2025-10-19,116.36,3.92,456.13,"Love's Travel Stop, Mount Vernon, WA"
FUEL-000662,TRIP-000552,TRK-02,DRV-02,2025-10-20,121.91,3.869,471.67,"Pilot Flying J, Grants Pass, OR"
FUEL-000663,TRIP-000553,TRK-01,DRV-01,2025-10-27,147.5,4.031,594.57,"TA Travel Center, Redding, CA"
FUEL-000664,TRIP-000554,TRK-01,DRV-01,2025-10-28,169.14,4.027,681.13,"Love's Travel Stop, Mount Vernon, WA"
FUEL-000665,TRIP-000555,TRK-01,DRV-01,2025-10-22,81.53,3.888,316.99,"Pilot Flying J, Portland, OR"
FUEL-000666,TRIP-000555,TRK-01,DRV-01,2025-10-22,81.53,4.039,329.3,"Love's Travel Stop, Sacramento, CA"
FUEL-000667,TRIP-000556,TRK-01,DRV-01,2025-10-24,168.36,4.047,681.35,"Love's Travel Stop, Mount Vernon, WA"
FUEL-000668,TRIP-000557,TRK-01,DRV-01,2025-10-26,77.23,4.127,318.73,"Chevron, Oakland, CA"
FUEL-000669,TRIP-000557,TRK-01,DRV-01,2025-10-26,77.23,3.921,302.82,"Love's Travel Stop, Mount Vernon, WA"
FUEL-000670,TRIP-000558,TRK-01,DRV-01,2025-10-27,59.16,3.971,234.92,"Love's Travel Stop, Mount Vernon, WA"
FUEL-000671,TRIP-000559,TRK-02,DRV-02,2025-10-25,55.47,4.148,230.09,"TA Travel Center, Redding, CA"
FUEL-000672,TRIP-000559,TRK-02,DRV-02,2025-10-25,55.47,4.013,222.6,"Love's Travel Stop, Sacramento, CA"
FUEL-000673,TRIP-000560,TRK-02,DRV-02,2025-10-26,111.66,4.064,453.79,"Love's Travel Stop, Sacramento, CA"
FUEL-000674,TRIP-000561,TRK-02,DRV-02,2025-10-21,54.19,4.087,221.47,"Love's Travel Stop, Sacramento, CA"
FUEL-000675,TRIP-000561,TRK-02,DRV-02,2025-10-21,54.19,4.082,221.2,"Pilot Flying J, Portland, OR"
FUEL-000676,TRIP-000562,TRK-02,DRV-02,2025-10-22,46.27,4.009,185.5,"Love's Travel Stop, Mount Vernon, WA"
FUEL-000677,TRIP-000563,TRK-02,DRV-02,2025-10-23,38.32,4.017,153.93,"Chevron, Oakland, CA"
FUEL-000678,TRIP-000564,TRK-02,DRV-02,2025-10-24,115.62,4.069,470.46,"Love's Travel Stop, Mount Vernon, WA"
FUEL-000679,TRIP-000565,TRK-01,DRV-01,2025-10-29,76.56,3.936,301.34,"Chevron, Oakland, CA"
FUEL-000680,TRIP-000565,TRK-01,DRV-01,2025-10-29,76.56,3.955,302.79,"Love's Travel Stop, Sacramento, CA"
FUEL-000681,TRIP-000566,TRK-01,DRV-01,2025-10-31,169.86,4.16,706.62,"Pilot Flying J, Grants Pass, OR"
FUEL-000682,TRIP-000567,TRK-01,DRV-01,2025-11-01,154.44,4.039,623.78,"Love's Travel Stop, Mount Vernon, WA"
FUEL-000683,TRIP-000568,TRK-01,DRV-01,2025-11-02,160.47,4.07,653.11,"TA Travel Center, Redding, CA"
FUEL-000684,TRIP-000569,TRK-01,DRV-01,2025-10-28,79.72,3.902,311.07,"Love's Travel Stop, Sacramento, CA"
FUEL-000685,TRIP-000569,TRK-01,DRV-01,2025-10-28,79.72,3.848,306.76,"Love's Travel Stop, Sacramento, CA"
FUEL-000686,TRIP-000570,TRK-01,DRV-01,2025-10-29,167.4,3.955,662.07,"Chevron, Oakland, CA"
FUEL-000687,TRIP-000571,TRK-02,DRV-02,2025-10-31,59.04,3.984,235.22,"Love's Travel Stop, Mount Vernon, WA"
FUEL-000688,TRIP-000571,TRK-02,DRV-02,2025-10-31,59.04,3.904,230.49,"Love's Travel Stop, Sacramento, CA"
FUEL-000689,TRIP-000572,TRK-02,DRV-02,2025-11-02,47.89,4.012,192.13,"Pilot Flying J, Grants Pass, OR"
FUEL-000690,TRIP-000573,TRK-02,DRV-02,2025-10-29,55.78,3.966,221.22,"Love's Travel Stop, Sacramento, CA"
FUEL-000691,TRIP-000573,TRK-02,DRV-02,2025-10-29,55.78,3.981,222.06,"Chevron, Oakland, CA"
FUEL-000692,TRIP-000574,TRK-02,DRV-02,2025-10-31,121.69,4.117,501.0,"Pilot Flying J, Portland, OR"
FUEL-000693,TRIP-000575,TRK-02,DRV-02,2025-11-02,110.56,4.032,445.78,"TA Travel Center, Redding, CA"
FUEL-000694,TRIP-000576,TRK-02,DRV-02,2025-11-03,45.55,4.007,182.52,"Pilot Flying J, Portland, OR"
FUEL-000695,TRIP-000577,TRK-01,DRV-01,2025-11-05,53.15,4.14,220.04,"Love's Travel Stop, Sacramento, CA"
FUEL-000696,TRIP-000578,TRK-01,DRV-01,2025-11-07,156.18,3.972,620.35,"TA Travel Center, Redding, CA"
FUEL-000697,TRIP-000579,TRK-02,DRV-02,2025-11-06,59.65,4.055,241.88,"Love's Travel Stop, Mount Vernon, WA"
FUEL-000698,TRIP-000579,TRK-02,DRV-02,2025-11-06,59.64,4.109,245.06,"TA Travel Center, Redding, CA"
FUEL-000699,TRIP-000580,TRK-02,DRV-02,2025-11-07,118.57,4.062,481.63,"Love's Travel Stop, Mount Vernon, WA"
FUEL-000700,TRIP-000581,TRK-01,DRV-01,2025-11-16,146.31,3.966,580.27,"Love's Travel Stop, Sacramento, CA"
FUEL-000701,TRIP-000582,TRK-01,DRV-01,2025-11-17,167.47,4.105,687.46,"Love's Travel Stop, Mount Vernon, WA"
FUEL-000702,TRIP-000583,TRK-02,DRV-02,2025-11-16,116.62,4.085,476.39,"Love's Travel Stop, Sacramento, CA"
FUEL-000703,TRIP-000584,TRK-01,DRV-01,2025-11-21,149.63,3.985,596.28,"Chevron, Oakland, CA"
FUEL-000704,TRIP-000585,TRK-01,DRV-01,2025-11-22,161.49,4.057,655.16,"Love's Travel Stop, Mount Vernon, WA"
FUEL-000705,TRIP-000586,TRK-02,DRV-02,2025-11-24,41.86,4.026,168.53,"Pilot Flying J, Grants Pass, OR"
FUEL-000706,TRIP-000587,TRK-02,DRV-02,2025-11-26,49.34,4.164,205.45,"Chevron, Oakland, CA"
FUEL-000707,TRIP-000588,TRK-01,DRV-01,2025-12-01,164.37,4.096,673.26,"Chevron, Oakland, CA"
FUEL-000708,TRIP-000589,TRK-01,DRV-01,2025-12-03,166.6,3.954,658.74,"Pilot Flying J, Portland, OR"
FUEL-000709,TRIP-000590,TRK-01,DRV-01,2025-11-27,153.63,3.978,611.14,"TA Travel Center, Redding, CA"
FUEL-000710,TRIP-000591,TRK-02,DRV-02,2025-11-25,58.41,3.969,231.83,"TA Travel Center, Redding, CA"
FUEL-000711,TRIP-000591,TRK-02,DRV-02,2025-11-25,58.4,3.967,231.67,"Pilot Flying J, Portland, OR"
FUEL-000712,TRIP-000592,TRK-02,DRV-02,2025-11-27,115.51,4.074,470.59,"Chevron, Oakland, CA"
FUEL-000713,TRIP-000593,TRK-02,DRV-02,2025-11-27,37.15,4.046,150.31,"TA Travel Center, Redding, CA"
FUEL-000714,TRIP-000594,TRK-02,DRV-02,2025-11-29,46.78,3.939,184.27,"Pilot Flying J, Grants Pass, OR"
FUEL-000715,TRIP-000595,TRK-01,DRV-01,2025-12-03,156.09,4.158,649.02,"Pilot Flying J, Grants Pass, OR"
FUEL-000716,TRIP-000596,TRK-01,DRV-01,2025-12-04,169.58,4.093,694.09,"Pilot Flying J, Grants Pass, OR"
FUEL-000717,TRIP-000597,TRK-01,DRV-01,2025-12-08,156.09,3.873,604.54,"Love's Travel Stop, Sacramento, CA"
FUEL-000718,TRIP-000598,TRK-02,DRV-02,2025-12-05,113.79,4.081,464.38,"Chevron, Oakland, CA"
FUEL-000719,TRIP-000599,TRK-02,DRV-02,2025-12-07,46.35,4.038,187.16,"Chevron, Oakland, CA"
FUEL-000720,TRIP-000600,TRK-02,DRV-02,2025-12-06,118.42,4.072,482.21,"Chevron, Oakland, CA"
FUEL-000721,TRIP-000601,TRK-02,DRV-02,2025-12-08,121.03,4.028,487.51,"TA Travel Center, Redding, CA"
FUEL-000722,TRIP-000602,TRK-01,DRV-01,2025-12-09,73.62,4.042,297.57,"Pilot Flying J, Portland, OR"
FUEL-000723,TRIP-000602,TRK-01,DRV-01,2025-12-09,73.62,4.057,298.68,"Love's Travel Stop, Sacramento, CA"
FUEL-000724,TRIP-000603,TRK-01,DRV-01,2025-12-10,61.42,4.012,246.42,"TA Travel Center, Redding, CA"
FUEL-000725,TRIP-000604,TRK-02,DRV-02,2025-12-11,112.45,4.19,471.17,"TA Travel Center, Redding, CA"
FUEL-000726,TRIP-000605,TRK-02,DRV-02,2025-12-12,121.5,4.152,504.47,"TA Travel Center, Redding, CA"
FUEL-000727,TRIP-000606,TRK-01,DRV-01,2025-12-16,81.79,4.063,332.31,"Pilot Flying J, Portland, OR"
FUEL-000728,TRIP-000606,TRK-01,DRV-01,2025-12-16,81.79,4.187,342.45,"TA Travel Center, Redding, CA"
FUEL-000729,TRIP-000607,TRK-01,DRV-01,2025-12-17,165.12,4.02,663.78,"Love's Travel Stop, Sacramento, CA"
FUEL-000730,TRIP-000608,TRK-02,DRV-02,2025-12-21,55.73,3.982,221.92,"TA Travel Center, Redding, CA"
FUEL-000731,TRIP-000608,TRK-02,DRV-02,2025-12-21,55.72,4.072,226.89,"Love's Travel Stop, Sacramento, CA"
FUEL-000732,TRIP-000609,TRK-01,DRV-01,2025-12-26,77.67,3.964,307.88,"Chevron, Oakland, CA"
FUEL-000733,TRIP-000609,TRK-01,DRV-01,2025-12-26,77.67,3.913,303.92,"Chevron, Oakland, CA"
FUEL-000734,TRIP-000610,TRK-01,DRV-01,2025-12-28,162.18,4.174,676.94,"Love's Travel Stop, Mount Vernon, WA"
FUEL-000735,TRIP-000611,TRK-01,DRV-01,2025-12-27,51.47,3.976,204.64,"Love's Travel Stop, Sacramento, CA"
FUEL-000736,TRIP-000612,TRK-02,DRV-02,2025-12-23,41.12,3.989,164.03,"TA Travel Center, Redding, CA"
FUEL-000737,TRIP-000613,TRK-02,DRV-02,2025-12-25,122.13,4.108,501.71,"Pilot Flying J, Grants Pass, OR"
FUEL-000738,TRIP-000614,TRK-02,DRV-02,2025-12-25,38.42,3.944,151.53,"Chevron, Oakland, CA"
FUEL-000739,TRIP-000615,TRK-02,DRV-02,2025-12-27,46.7,3.976,185.68,"Pilot Flying J, Portland, OR"
FUEL-000740,TRIP-000616,TRK-01,DRV-01,2026-01-01,157.14,4.139,650.4,"Love's Travel Stop, Mount Vernon, WA"
FUEL-000741,TRIP-000617,TRK-01,DRV-01,2026-01-02,161.55,3.994,645.23,"Love's Travel Stop, Sacramento, CA"
FUEL-000742,TRIP-000618,TRK-02,DRV-02,2026-01-01,115.22,4.223,486.57,"Chevron, Oakland, CA"
FUEL-000743,TRIP-000619,TRK-02,DRV-02,2026-01-03,110.82,3.947,437.41,"Love's Travel Stop, Mount Vernon, WA"
FUEL-000744,TRIP-000620,TRK-01,DRV-01,2026-01-08,52.83,3.998,211.21,"Love's Travel Stop, Mount Vernon, WA"
FUEL-000745,TRIP-000621,TRK-01,DRV-01,2026-01-10,159.15,3.945,627.85,"Pilot Flying J, Grants Pass, OR"
FUEL-000746,TRIP-000622,TRK-02,DRV-02,2026-01-06,57.7,4.079,235.36,"Pilot Flying J, Grants Pass, OR"
FUEL-000747,TRIP-000622,TRK-02,DRV-02,2026-01-06,57.7,3.942,227.45,"Pilot Flying J, Grants Pass, OR"
FUEL-000748,TRIP-000623,TRK-02,DRV-02,2026-01-08,117.42,3.942,462.87,"TA Travel Center, Redding, CA"
FUEL-000749,TRIP-000624,TRK-01,DRV-01,2026-01-17,76.44,3.941,301.25,"TA Travel Center, Redding, CA"
FUEL-000750,TRIP-000624,TRK-01,DRV-01,2026-01-17,76.43,3.982,304.34,"TA Travel Center, Redding, CA"
FUEL-000751,TRIP-000625,TRK-01,DRV-01,2026-01-18,63.28,4.19,265.14,"Love's Travel Stop, Mount Vernon, WA"
FUEL-000752,TRIP-000626,TRK-02,DRV-02,2026-01-18,114.9,4.135,475.11,"TA Travel Center, Redding, CA"
FUEL-000753,TRIP-000627,TRK-01,DRV-01,2026-01-24,152.33,4.051,617.09,"Love's Travel Stop, Sacramento, CA"
FUEL-000754,TRIP-000628,TRK-01,DRV-01,2026-01-26,161.0,3.922,631.44,"TA Travel Center, Redding, CA"
FUEL-000755,TRIP-000629,TRK-02,DRV-02,2026-01-20,117.79,4.158,489.77,"TA Travel Center, Redding, CA"
FUEL-000756,TRIP-000630,TRK-02,DRV-02,2026-01-21,46.36,4.072,188.78,"Pilot Flying J, Grants Pass, OR"
FUEL-000757,TRIP-000631,TRK-01,DRV-01,2026-01-27,80.95,4.01,324.61,"TA Travel Center, Redding, CA"
FUEL-000758,TRIP-000631,TRK-01,DRV-01,2026-01-27,80.96,3.959,320.52,"Love's Travel Stop, Mount Vernon, WA"
FUEL-000759,TRIP-000632,TRK-01,DRV-01,2026-01-28,157.14,4.09,642.7,"Pilot Flying J, Portland, OR"
FUEL-000760,TRIP-000633,TRK-02,DRV-02,2026-01-30,56.33,4.088,230.28,"Love's Travel Stop, Sacramento, CA"
FUEL-000761,TRIP-000633,TRK-02,DRV-02,2026-01-30,56.33,4.094,230.62,"Pilot Flying J, Portland, OR"
FUEL-000762,TRIP-000634,TRK-02,DRV-02,2026-02-01,46.43,4.253,197.47,"TA Travel Center, Redding, CA"
FUEL-000763,TRIP-000635,TRK-01,DRV-01,2026-02-06,151.02,4.091,617.82,"Pilot Flying J, Portland, OR"
FUEL-000764,TRIP-000636,TRK-01,DRV-01,2026-02-07,161.57,4.023,650.0,"Pilot Flying J, Portland, OR"
FUEL-000765,TRIP-000637,TRK-01,DRV-01,2026-02-05,157.77,4.012,632.97,"Love's Travel Stop, Mount Vernon, WA"
FUEL-000766,TRIP-000638,TRK-01,DRV-01,2026-02-07,161.74,4.11,664.75,"TA Travel Center, Redding, CA"
FUEL-000767,TRIP-000639,TRK-02,DRV-02,2026-02-07,36.13,4.102,148.21,"Love's Travel Stop, Mount Vernon, WA"
FUEL-000768,TRIP-000640,TRK-02,DRV-02,2026-02-09,47.98,3.927,188.42,"Love's Travel Stop, Sacramento, CA"
FUEL-000769,TRIP-000641,TRK-02,DRV-02,2026-02-09,39.01,3.979,155.22,"TA Travel Center, Redding, CA"
FUEL-000770,TRIP-000642,TRK-02,DRV-02,2026-02-11,43.19,4.0,172.76,"Pilot Flying J, Portland, OR"
FUEL-000771,TRIP-000643,TRK-01,DRV-01,2026-02-11,72.98,3.986,290.9,"Chevron, Oakland, CA"
FUEL-000772,TRIP-000643,TRK-01,DRV-01,2026-02-11,72.98,4.167,304.11,"Love's Travel Stop, Sacramento, CA"
FUEL-000773,TRIP-000644,TRK-01,DRV-01,2026-02-12,60.78,4.13,251.02,"Chevron, Oakland, CA"
FUEL-000774,TRIP-000645,TRK-02,DRV-02,2026-02-11,58.09,3.907,226.96,"Love's Travel Stop, Sacramento, CA"
FUEL-000775,TRIP-000645,TRK-02,DRV-02,2026-02-11,58.08,4.074,236.62,"Love's Travel Stop, Sacramento, CA"
FUEL-000776,TRIP-000646,TRK-02,DRV-02,2026-02-13,121.15,3.931,476.24,"TA Travel Center, Redding, CA"
FUEL-000777,TRIP-000647,TRK-01,DRV-01,2026-02-18,73.72,4.07,300.04,"Love's Travel Stop, Sacramento, CA"
FUEL-000778,TRIP-000647,TRK-01,DRV-01,2026-02-18,73.72,4.043,298.05,"Pilot Flying J, Grants Pass, OR"
FUEL-000779,TRIP-000648,TRK-01,DRV-01,2026-02-17,150.83,4.005,604.07,"Love's Travel Stop, Mount Vernon, WA"
FUEL-000780,TRIP-000649,TRK-02,DRV-02,2026-02-22,56.79,4.085,231.99,"Pilot Flying J, Portland, OR"
FUEL-000781,TRIP-000649,TRK-02,DRV-02,2026-02-22,56.79,4.164,236.47,"Love's Travel Stop, Sacramento, CA"
FUEL-000782,TRIP-000650,TRK-02,DRV-02,2026-02-18,58.2,4.077,237.28,"Pilot Flying J, Grants Pass, OR"
FUEL-000783,TRIP-000650,TRK-02,DRV-02,2026-02-18,58.19,4.028,234.39,"Pilot Flying J, Grants Pass, OR"
FUEL-000784,TRIP-000651,TRK-02,DRV-02,2026-02-19,118.79,4.129,490.48,"Pilot Flying J, Grants Pass, OR"
FUEL-000785,TRIP-000652,TRK-01,DRV-01,2026-02-25,79.41,4.245,337.1,"Love's Travel Stop, Sacramento, CA"
FUEL-000786,TRIP-000652,TRK-01,DRV-01,2026-02-25,79.41,4.018,319.07,"Pilot Flying J, Grants Pass, OR"
FUEL-000787,TRIP-000653,TRK-01,DRV-01,2026-02-26,157.79,4.058,640.31,"Love's Travel Stop, Mount Vernon, WA"
FUEL-000788,TRIP-000654,TRK-02,DRV-02,2026-03-02,36.44,4.208,153.34,"Pilot Flying J, Grants Pass, OR"
FUEL-000789,TRIP-000655,TRK-02,DRV-02,2026-03-04,45.63,4.186,191.01,"TA Travel Center, Redding, CA"
FUEL-000790,TRIP-000656,TRK-01,DRV-01,2026-03-03,77.45,4.05,313.67,"Pilot Flying J, Portland, OR"
FUEL-000791,TRIP-000656,TRK-01,DRV-01,2026-03-03,77.45,3.966,307.17,"Love's Travel Stop, Sacramento, CA"
FUEL-000792,TRIP-000657,TRK-01,DRV-01,2026-03-05,162.19,4.089,663.19,"Love's Travel Stop, Sacramento, CA"
FUEL-000793,TRIP-000658,TRK-01,DRV-01,2026-03-06,151.56,4.098,621.09,"Love's Travel Stop, Sacramento, CA"
FUEL-000794,TRIP-000659,TRK-02,DRV-02,2026-03-09,111.78,4.129,461.54,"Pilot Flying J, Grants Pass, OR"
FUEL-000795,TRIP-000660,TRK-02,DRV-02,2026-03-10,122.89,4.253,522.65,"Pilot Flying J, Portland, OR"
FUEL-000796,TRIP-000661,TRK-02,DRV-02,2026-03-04,58.81,3.926,230.89,"Pilot Flying J, Portland, OR"
FUEL-000797,TRIP-000661,TRK-02,DRV-02,2026-03-04,58.81,4.003,235.42,"Pilot Flying J, Grants Pass, OR"
FUEL-000798,TRIP-000662,TRK-01,DRV-01,2026-03-16,146.97,4.047,594.79,"TA Travel Center, Redding, CA"
FUEL-000799,TRIP-000663,TRK-01,DRV-01,2026-03-18,165.04,4.094,675.67,"Pilot Flying J, Portland, OR"
FUEL-000800,TRIP-000664,TRK-01,DRV-01,2026-03-16,76.22,3.964,302.14,"Pilot Flying J, Grants Pass, OR"
FUEL-000801,TRIP-000664,TRK-01,DRV-01,2026-03-16,76.21,4.049,308.57,"TA Travel Center, Redding, CA"
FUEL-000802,TRIP-000665,TRK-01,DRV-01,2026-03-18,61.78,4.25,262.56,"TA Travel Center, Redding, CA"
FUEL-000803,TRIP-000666,TRK-02,DRV-02,2026-03-10,60.58,3.962,240.02,"Love's Travel Stop, Sacramento, CA"
FUEL-000804,TRIP-000666,TRK-02,DRV-02,2026-03-10,60.57,4.055,245.61,"Pilot Flying J, Portland, OR"
FUEL-000805,TRIP-000667,TRK-02,DRV-02,2026-03-11,115.71,4.231,489.57,"Pilot Flying J, Portland, OR"
FUEL-000806,TRIP-000668,TRK-02,DRV-02,2026-03-10,113.66,4.192,476.46,"Pilot Flying J, Grants Pass, OR"
FUEL-000807,TRIP-000669,TRK-02,DRV-02,2026-03-11,43.02,4.193,180.38,"Pilot Flying J, Portland, OR"
FUEL-000808,TRIP-000670,TRK-01,DRV-01,2026-03-22,159.68,4.103,655.17,"Pilot Flying J, Grants Pass, OR"
FUEL-000809,TRIP-000671,TRK-01,DRV-01,2026-03-24,173.43,4.151,719.91,"Love's Travel Stop, Mount Vernon, WA"
FUEL-000810,TRIP-000672,TRK-02,DRV-02,2026-03-23,40.03,4.061,162.56,"Chevron, Oakland, CA"
FUEL-000811,TRIP-000673,TRK-02,DRV-02,2026-03-25,121.61,4.159,505.78,"Pilot Flying J, Grants Pass, OR"
FUEL-000812,TRIP-000674,TRK-01,DRV-01,2026-03-29,78.3,4.255,333.17,"Chevron, Oakland, CA"
FUEL-000813,TRIP-000674,TRK-01,DRV-01,2026-03-29,78.3,3.997,312.97,"Love's Travel Stop, Sacramento, CA"
FUEL-000814,TRIP-000675,TRK-01,DRV-01,2026-03-30,148.79,4.061,604.24,"Love's Travel Stop, Sacramento, CA"
FUEL-000815,TRIP-000676,TRK-01,DRV-01,2026-04-01,163.41,3.979,650.21,"Love's Travel Stop, Sacramento, CA"
FUEL-000816,TRIP-000677,TRK-02,DRV-02,2026-03-30,112.7,4.152,467.93,"Chevron, Oakland, CA"
FUEL-000817,TRIP-000678,TRK-02,DRV-02,2026-03-26,115.96,4.073,472.31,"Chevron, Oakland, CA"
FUEL-000818,TRIP-000679,TRK-02,DRV-02,2026-03-27,115.91,4.053,469.78,"TA Travel Center, Redding, CA"
FUEL-000819,TRIP-000680,TRK-01,DRV-01,2026-03-31,80.02,4.154,332.4,"Love's Travel Stop, Sacramento, CA"
FUEL-000820,TRIP-000680,TRK-01,DRV-01,2026-03-31,80.02,4.077,326.24,"Pilot Flying J, Grants Pass, OR"
FUEL-000821,TRIP-000681,TRK-01,DRV-01,2026-04-02,160.67,4.136,664.53,"Pilot Flying J, Portland, OR"
FUEL-000822,TRIP-000682,TRK-01,DRV-01,2026-03-31,50.89,4.143,210.84,"Pilot Flying J, Grants Pass, OR"
FUEL-000823,TRIP-000683,TRK-02,DRV-02,2026-04-02,107.5,3.94,423.55,"Pilot Flying J, Portland, OR"
FUEL-000824,TRIP-000684,TRK-02,DRV-02,2026-04-01,57.77,4.123,238.19,"TA Travel Center, Redding, CA"
FUEL-000825,TRIP-000684,TRK-02,DRV-02,2026-04-01,57.77,4.121,238.07,"Pilot Flying J, Grants Pass, OR"
FUEL-000826,TRIP-000685,TRK-02,DRV-02,2026-04-03,117.35,4.015,471.16,"TA Travel Center, Redding, CA"
FUEL-000827,TRIP-000686,TRK-01,DRV-01,2026-04-13,156.18,4.126,644.4,"Love's Travel Stop, Mount Vernon, WA"
FUEL-000828,TRIP-000687,TRK-01,DRV-01,2026-04-14,157.45,4.182,658.46,"Pilot Flying J, Grants Pass, OR"
FUEL-000829,TRIP-000688,TRK-01,DRV-01,2026-04-12,80.3,4.225,339.27,"Pilot Flying J, Portland, OR"
FUEL-000830,TRIP-000688,TRK-01,DRV-01,2026-04-12,80.29,4.025,323.17,"Love's Travel Stop, Sacramento, CA"
FUEL-000831,TRIP-000689,TRK-01,DRV-01,2026-04-14,58.37,4.091,238.79,"Love's Travel Stop, Mount Vernon, WA"
FUEL-000832,TRIP-000690,TRK-02,DRV-02,2026-04-10,58.55,4.006,234.55,"Pilot Flying J, Grants Pass, OR"
FUEL-000833,TRIP-000690,TRK-02,DRV-02,2026-04-10,58.56,4.059,237.7,"Love's Travel Stop, Sacramento, CA"
FUEL-000834,TRIP-000691,TRK-02,DRV-02,2026-04-12,124.96,4.225,527.96,"TA Travel Center, Redding, CA"
FUEL-000835,TRIP-000692,TRK-02,DRV-02,2026-04-07,57.97,4.188,242.78,"Chevron, Oakland, CA"
FUEL-000836,TRIP-000692,TRK-02,DRV-02,2026-04-07,57.97,4.091,237.16,"Pilot Flying J, Grants Pass, OR"
FUEL-000837,TRIP-000693,TRK-02,DRV-02,2026-04-09,117.81,4.153,489.26,"Love's Travel Stop, Mount Vernon, WA"
FUEL-000838,TRIP-000694,TRK-01,DRV-01,2026-04-19,54.6,4.101,223.91,"TA Travel Center, Redding, CA"
FUEL-000839,TRIP-000695,TRK-01,DRV-01,2026-04-21,62.0,4.032,249.98,"Love's Travel Stop, Mount Vernon, WA"
FUEL-000840,TRIP-000696,TRK-01,DRV-01,2026-04-15,151.23,4.084,617.62,"TA Travel Center, Redding, CA"
FUEL-000841,TRIP-000697,TRK-01,DRV-01,2026-04-20,149.62,3.972,594.29,"Pilot Flying J, Grants Pass, OR"
FUEL-000842,TRIP-000698,TRK-01,DRV-01,2026-04-22,162.62,4.009,651.94,"Chevron, Oakland, CA"
FUEL-000843,TRIP-000699,TRK-02,DRV-02,2026-04-15,57.38,4.175,239.56,"Pilot Flying J, Grants Pass, OR"
FUEL-000844,TRIP-000699,TRK-02,DRV-02,2026-04-15,57.39,4.178,239.78,"Pilot Flying J, Portland, OR"
FUEL-000845,TRIP-000700,TRK-02,DRV-02,2026-04-17,117.5,4.118,483.87,"Chevron, Oakland, CA"
FUEL-000846,TRIP-000701,TRK-02,DRV-02,2026-04-18,117.39,4.089,480.01,"Pilot Flying J, Grants Pass, OR"
FUEL-000847,TRIP-000702,TRK-02,DRV-02,2026-04-17,38.44,4.112,158.07,"Love's Travel Stop, Mount Vernon, WA"
FUEL-000848,TRIP-000703,TRK-02,DRV-02,2026-04-19,122.22,4.188,511.86,"Pilot Flying J, Grants Pass, OR"
FUEL-000849,TRIP-000704,TRK-01,DRV-01,2026-04-25,52.07,4.141,215.62,"Love's Travel Stop, Mount Vernon, WA"
FUEL-000850,TRIP-000705,TRK-01,DRV-01,2026-04-26,165.53,3.988,660.13,"TA Travel Center, Redding, CA"
FUEL-000851,TRIP-000706,TRK-01,DRV-01,2026-04-23,147.98,3.974,588.07,"Love's Travel Stop, Mount Vernon, WA"
FUEL-000852,TRIP-000707,TRK-02,DRV-02,2026-04-25,119.97,4.149,497.76,"Love's Travel Stop, Sacramento, CA"
FUEL-000853,TRIP-000708,TRK-02,DRV-02,2026-04-26,43.94,3.969,174.4,"Pilot Flying J, Portland, OR"
FUEL-000854,TRIP-000709,TRK-02,DRV-02,2026-04-25,113.02,4.101,463.5,"Pilot Flying J, Portland, OR"
FUEL-000855,TRIP-000710,TRK-01,DRV-01,2026-05-04,55.34,4.116,227.78,"Love's Travel Stop, Sacramento, CA"
FUEL-000856,TRIP-000711,TRK-01,DRV-01,2026-05-06,161.94,4.195,679.34,"Pilot Flying J, Grants Pass, OR"
FUEL-000857,TRIP-000712,TRK-01,DRV-01,2026-05-03,54.76,4.019,220.08,"Chevron, Oakland, CA"
FUEL-000858,TRIP-000713,TRK-01,DRV-01,2026-05-05,159.54,4.232,675.17,"Love's Travel Stop, Mount Vernon, WA"
FUEL-000859,TRIP-000714,TRK-02,DRV-02,2026-05-01,57.09,4.106,234.41,"Chevron, Oakland, CA"
FUEL-000860,TRIP-000714,TRK-02,DRV-02,2026-05-01,57.09,4.201,239.84,"Love's Travel Stop, Mount Vernon, WA"
FUEL-000861,TRIP-000715,TRK-02,DRV-02,2026-05-03,114.75,4.089,469.21,"Love's Travel Stop, Sacramento, CA"
FUEL-000862,TRIP-000716,TRK-02,DRV-02,2026-04-30,119.94,4.128,495.11,"Pilot Flying J, Portland, OR"
FUEL-000863,TRIP-000717,TRK-01,DRV-01,2026-05-05,153.06,4.158,636.42,"Pilot Flying J, Portland, OR"
FUEL-000864,TRIP-000718,TRK-01,DRV-01,2026-05-07,154.37,4.115,635.23,"Love's Travel Stop, Mount Vernon, WA"
FUEL-000865,TRIP-000719,TRK-01,DRV-01,2026-05-08,154.96,4.11,636.89,"TA Travel Center, Redding, CA"
FUEL-000866,TRIP-000720,TRK-02,DRV-02,2026-05-09,36.89,4.289,158.22,"Chevron, Oakland, CA"
FUEL-000867,TRIP-000721,TRK-02,DRV-02,2026-05-11,45.52,4.058,184.72,"Pilot Flying J, Portland, OR"
FUEL-000868,TRIP-000722,TRK-02,DRV-02,2026-05-07,40.14,4.034,161.92,"Love's Travel Stop, Sacramento, CA"
FUEL-000869,TRIP-000723,TRK-02,DRV-02,2026-05-08,48.83,4.22,206.06,"TA Travel Center, Redding, CA"
FUEL-000870,TRIP-000724,TRK-01,DRV-01,2026-05-13,162.75,4.231,688.6,"Love's Travel Stop, Sacramento, CA"
FUEL-000871,TRIP-000725,TRK-01,DRV-01,2026-05-12,148.2,4.183,619.92,"Pilot Flying J, Grants Pass, OR"
FUEL-000872,TRIP-000726,TRK-01,DRV-01,2026-05-13,156.85,4.108,644.34,"TA Travel Center, Redding, CA"
FUEL-000873,TRIP-000727,TRK-01,DRV-01,2026-05-16,82.1,4.051,332.59,"Love's Travel Stop, Sacramento, CA"
FUEL-000874,TRIP-000727,TRK-01,DRV-01,2026-05-16,82.1,4.137,339.65,"Pilot Flying J, Portland, OR"
FUEL-000875,TRIP-000728,TRK-02,DRV-02,2026-05-16,56.24,3.962,222.82,"TA Travel Center, Redding, CA"
FUEL-000876,TRIP-000728,TRK-02,DRV-02,2026-05-16,56.24,4.233,238.06,"Love's Travel Stop, Mount Vernon, WA"
FUEL-000877,TRIP-000729,TRK-02,DRV-02,2026-05-17,117.14,4.221,494.45,"TA Travel Center, Redding, CA"
FUEL-000878,TRIP-000730,TRK-02,DRV-02,2026-05-12,56.98,4.224,240.68,"Love's Travel Stop, Sacramento, CA"
FUEL-000879,TRIP-000730,TRK-02,DRV-02,2026-05-12,56.97,4.134,235.51,"Love's Travel Stop, Mount Vernon, WA"
FUEL-000880,TRIP-000731,TRK-02,DRV-02,2026-05-16,36.21,4.145,150.09,"Pilot Flying J, Grants Pass, OR"
FUEL-000881,TRIP-000732,TRK-02,DRV-02,2026-05-17,45.24,3.951,178.74,"Love's Travel Stop, Mount Vernon, WA"
FUEL-000882,TRIP-000733,TRK-01,DRV-01,2026-05-23,72.56,4.132,299.82,"Chevron, Oakland, CA"
FUEL-000883,TRIP-000733,TRK-01,DRV-01,2026-05-23,72.55,3.973,288.24,"Chevron, Oakland, CA"
FUEL-000884,TRIP-000734,TRK-01,DRV-01,2026-05-24,161.1,4.161,670.34,"Love's Travel Stop, Sacramento, CA"
FUEL-000885,TRIP-000735,TRK-01,DRV-01,2026-05-23,48.35,3.993,193.06,"Love's Travel Stop, Mount Vernon, WA"
FUEL-000886,TRIP-000736,TRK-01,DRV-01,2026-05-24,165.41,4.201,694.89,"Pilot Flying J, Portland, OR"
FUEL-000887,TRIP-000737,TRK-02,DRV-02,2026-05-22,60.22,4.215,253.83,"TA Travel Center, Redding, CA"
FUEL-000888,TRIP-000737,TRK-02,DRV-02,2026-05-22,60.22,4.192,252.44,"Love's Travel Stop, Mount Vernon, WA"
FUEL-000889,TRIP-000738,TRK-02,DRV-02,2026-05-23,44.54,4.133,184.08,"Love's Travel Stop, Sacramento, CA"
FUEL-000890,TRIP-000739,TRK-02,DRV-02,2026-05-22,113.11,4.026,455.38,"Chevron, Oakland, CA"
FUEL-000891,TRIP-000740,TRK-02,DRV-02,2026-05-23,116.57,4.025,469.19,"Pilot Flying J, Grants Pass, OR"
FUEL-000892,TRIP-000741,TRK-01,DRV-01,2026-05-29,53.71,4.062,218.17,"TA Travel Center, Redding, CA"
FUEL-000893,TRIP-000742,TRK-01,DRV-01,2026-05-30,161.78,4.142,670.09,"Chevron, Oakland, CA"
FUEL-000894,TRIP-000743,TRK-01,DRV-01,2026-05-28,155.28,4.198,651.87,"Pilot Flying J, Portland, OR"
FUEL-000895,TRIP-000744,TRK-01,DRV-01,2026-05-30,162.31,4.166,676.18,"Pilot Flying J, Portland, OR"
FUEL-000896,TRIP-000745,TRK-02,DRV-02,2026-05-26,56.91,4.096,233.1,"Pilot Flying J, Grants Pass, OR"
FUEL-000897,TRIP-000745,TRK-02,DRV-02,2026-05-26,56.9,4.107,233.69,"Pilot Flying J, Portland, OR"
FUEL-000898,TRIP-000746,TRK-02,DRV-02,2026-05-28,118.26,4.041,477.89,"Love's Travel Stop, Sacramento, CA"
FUEL-000899,TRIP-000747,TRK-02,DRV-02,2026-06-01,55.48,4.095,227.19,"TA Travel Center, Redding, CA"
FUEL-000900,TRIP-000747,TRK-02,DRV-02,2026-06-01,55.48,4.182,232.02,"TA Travel Center, Redding, CA"
FUEL-000901,TRIP-000748,TRK-02,DRV-02,2026-06-02,120.9,3.975,480.58,"Love's Travel Stop, Mount Vernon, WA"
FUEL-000902,TRIP-000749,TRK-01,DRV-01,2026-06-02,76.27,4.188,319.42,"Love's Travel Stop, Mount Vernon, WA"
FUEL-000903,TRIP-000749,TRK-01,DRV-01,2026-06-02,76.26,4.201,320.37,"Love's Travel Stop, Mount Vernon, WA"
FUEL-000904,TRIP-000750,TRK-01,DRV-01,2026-06-04,164.02,4.073,668.05,"Chevron, Oakland, CA"
FUEL-000905,TRIP-000751,TRK-01,DRV-01,2026-06-06,78.2,4.05,316.71,"Pilot Flying J, Grants Pass, OR"
FUEL-000906,TRIP-000751,TRK-01,DRV-01,2026-06-06,78.21,4.229,330.75,"Pilot Flying J, Portland, OR"
FUEL-000907,TRIP-000752,TRK-01,DRV-01,2026-06-07,67.2,4.165,279.89,"Love's Travel Stop, Sacramento, CA"
FUEL-000908,TRIP-000753,TRK-02,DRV-02,2026-06-07,56.11,4.244,238.13,"Pilot Flying J, Grants Pass, OR"
FUEL-000909,TRIP-000753,TRK-02,DRV-02,2026-06-07,56.11,4.19,235.1,"Love's Travel Stop, Mount Vernon, WA"
FUEL-000910,TRIP-000754,TRK-02,DRV-02,2026-06-04,53.85,4.107,221.16,"Pilot Flying J, Portland, OR"
FUEL-000911,TRIP-000754,TRK-02,DRV-02,2026-06-04,53.85,4.232,227.89,"Pilot Flying J, Grants Pass, OR"
FUEL-000912,TRIP-000755,TRK-02,DRV-02,2026-06-05,126.89,4.118,522.53,"Pilot Flying J, Portland, OR"
FUEL-000913,TRIP-000756,TRK-01,DRV-01,2026-06-09,147.04,4.068,598.16,"Chevron, Oakland, CA"
FUEL-000914,TRIP-000757,TRK-01,DRV-01,2026-06-12,148.88,4.139,616.21,"Love's Travel Stop, Mount Vernon, WA"
FUEL-000915,TRIP-000758,TRK-01,DRV-01,2026-06-13,60.38,4.144,250.21,"Pilot Flying J, Portland, OR"
FUEL-000916,TRIP-000759,TRK-01,DRV-01,2026-06-09,52.9,4.122,218.05,"Pilot Flying J, Portland, OR"
FUEL-000917,TRIP-000760,TRK-01,DRV-01,2026-06-11,156.63,4.183,655.18,"TA Travel Center, Redding, CA"
FUEL-000918,TRIP-000761,TRK-02,DRV-02,2026-06-11,111.54,4.169,465.01,"Chevron, Oakland, CA"
FUEL-000919,TRIP-000762,TRK-02,DRV-02,2026-06-15,106.13,4.228,448.72,"TA Travel Center, Redding, CA"
FUEL-000920,TRIP-000763,TRK-02,DRV-02,2026-06-17,45.85,4.285,196.47,"Pilot Flying J, Portland, OR"
FUEL-000921,TRIP-000764,TRK-02,DRV-02,2026-06-12,109.31,3.95,431.77,"Love's Travel Stop, Mount Vernon, WA"
FUEL-000922,TRIP-000765,TRK-02,DRV-02,2026-06-14,125.19,4.137,517.91,"Love's Travel Stop, Sacramento, CA"
FUEL-000923,TRIP-000766,TRK-01,DRV-01,2026-06-22,51.93,4.006,208.03,"Love's Travel Stop, Mount Vernon, WA"
FUEL-000924,TRIP-000767,TRK-01,DRV-01,2026-06-24,159.49,4.205,670.66,"Chevron, Oakland, CA"
FUEL-000925,TRIP-000768,TRK-01,DRV-01,2026-06-17,79.23,4.153,329.04,"Pilot Flying J, Grants Pass, OR"
FUEL-000926,TRIP-000768,TRK-01,DRV-01,2026-06-17,79.23,4.039,320.01,"Pilot Flying J, Portland, OR"
FUEL-000927,TRIP-000769,TRK-01,DRV-01,2026-06-18,65.85,4.182,275.38,"Love's Travel Stop, Sacramento, CA"
FUEL-000928,TRIP-000770,TRK-01,DRV-01,2026-06-17,74.76,4.111,307.34,"Love's Travel Stop, Sacramento, CA"
FUEL-000929,TRIP-000770,TRK-01,DRV-01,2026-06-17,74.76,4.02,300.54,"Chevron, Oakland, CA"
FUEL-000930,TRIP-000771,TRK-01,DRV-01,2026-06-18,165.38,4.241,701.38,"TA Travel Center, Redding, CA"
FUEL-000931,TRIP-000772,TRK-02,DRV-02,2026-06-19,39.68,4.03,159.91,"TA Travel Center, Redding, CA"
FUEL-000932,TRIP-000773,TRK-02,DRV-02,2026-06-20,116.48,4.176,486.42,"Love's Travel Stop, Mount Vernon, WA"
FUEL-000933,TRIP-000774,TRK-02,DRV-02,2026-06-22,37.97,4.162,158.03,"Love's Travel Stop, Mount Vernon, WA"
FUEL-000934,TRIP-000775,TRK-02,DRV-02,2026-06-23,117.74,4.076,479.91,"Pilot Flying J, Grants Pass, OR"
FUEL-000935,TRIP-000776,TRK-02,DRV-02,2026-06-22,57.59,4.225,243.32,"Love's Travel Stop, Sacramento, CA"
FUEL-000936,TRIP-000776,TRK-02,DRV-02,2026-06-22,57.58,4.177,240.51,"Chevron, Oakland, CA"
FUEL-000937,TRIP-000777,TRK-01,DRV-01,2026-06-26,78.42,4.126,323.56,"TA Travel Center, Redding, CA"
FUEL-000938,TRIP-000777,TRK-01,DRV-01,2026-06-26,78.42,4.255,333.68,"TA Travel Center, Redding, CA"
FUEL-000939,TRIP-000778,TRK-01,DRV-01,2026-06-27,63.73,4.142,263.97,"Love's Travel Stop, Mount Vernon, WA"
FUEL-000940,TRIP-000779,TRK-01,DRV-01,2026-06-25,72.64,4.243,308.21,"TA Travel Center, Redding, CA"
FUEL-000941,TRIP-000779,TRK-01,DRV-01,2026-06-25,72.63,4.078,296.19,"TA Travel Center, Redding, CA"
FUEL-000942,TRIP-000780,TRK-01,DRV-01,2026-06-27,163.51,4.278,699.5,"Love's Travel Stop, Sacramento, CA"
FUEL-000943,TRIP-000781,TRK-02,DRV-02,2026-06-25,35.29,3.978,140.38,"Pilot Flying J, Grants Pass, OR"
FUEL-000944,TRIP-000782,TRK-02,DRV-02,2026-06-26,114.65,4.125,472.93,"Love's Travel Stop, Mount Vernon, WA"
FUEL-000945,TRIP-000783,TRK-02,DRV-02,2026-06-28,59.45,4.012,238.51,"TA Travel Center, Redding, CA"
FUEL-000946,TRIP-000783,TRK-02,DRV-02,2026-06-28,59.45,4.19,249.1,"Love's Travel Stop, Sacramento, CA"
FUEL-000947,TRIP-000784,TRK-02,DRV-02,2026-06-30,42.88,4.222,181.04,"TA Travel Center, Redding, CA"
FUEL-000948,TRIP-000785,TRK-02,DRV-02,2026-07-01,59.56,4.056,241.58,"Pilot Flying J, Portland, OR"
FUEL-000949,TRIP-000785,TRK-02,DRV-02,2026-07-01,59.56,4.181,249.02,"Love's Travel Stop, Mount Vernon, WA"
FUEL-000950,TRIP-000786,TRK-02,DRV-02,2026-07-02,118.09,3.96,467.64,"TA Travel Center, Redding, CA"
FUEL-000951,TRIP-000787,TRK-02,DRV-02,2026-07-01,107.49,4.094,440.06,"TA Travel Center, Redding, CA"
FUEL-000952,TRIP-000788,TRK-02,DRV-02,2026-07-01,54.06,4.202,227.16,"Pilot Flying J, Portland, OR"
FUEL-000953,TRIP-000788,TRK-02,DRV-02,2026-07-01,54.06,4.106,221.97,"Love's Travel Stop, Mount Vernon, WA"
FUEL-000954,TRIP-000789,TRK-02,DRV-02,2026-07-02,116.94,3.945,461.33,"Pilot Flying J, Grants Pass, OR"
