load_id,customer_id,route_id,load_date,freight_type,weight_lbs,revenue,fuel_surcharge,load_status
LOAD-00001,CUST-03,RTE-03,2024-07-02,Refrigerated - Produce,38839,2396.18,136.74,delivered
LOAD-00002,CUST-02,RTE-02,2024-07-08,Refrigerated - Seafood,39273,2353.54,156.81,delivered
LOAD-00003,CUST-06,RTE-07,2024-07-09,Refrigerated - Backhaul Mixed,15750,1240.69,137.22,delivered
LOAD-00004,CUST-02,RTE-02,2024-07-06,Refrigerated - Seafood,41786,2319.58,145.64,delivered
LOAD-00005,CUST-03,RTE-03,2024-07-06,Refrigerated - Produce,43266,2389.09,179.91,delivered
LOAD-00006,CUST-06,RTE-07,2024-07-08,Refrigerated - Backhaul Mixed,24763,1246.63,111.47,delivered
LOAD-00007,CUST-03,RTE-03,2024-07-09,Refrigerated - Produce,42158,2555.83,211.44,delivered
LOAD-00008,CUST-03,RTE-03,2024-07-15,Refrigerated - Produce,42647,2394.98,148.9,delivered
LOAD-00009,CUST-02,RTE-02,2024-07-12,Refrigerated - Seafood,43651,2401.33,205.37,delivered
LOAD-00010,CUST-05,RTE-05,2024-07-13,Refrigerated - Backhaul Mixed,20413,1165.7,84.06,delivered
LOAD-00011,CUST-02,RTE-02,2024-07-12,Refrigerated - Seafood,40902,2228.49,194.1,delivered
LOAD-00012,CUST-01,RTE-01,2024-07-12,Refrigerated - Produce,38120,714.73,77.97,delivered
LOAD-00013,CUST-06,RTE-06,2024-07-14,Refrigerated - Backhaul Mixed,27834,501.77,58.72,delivered
LOAD-00014,CUST-01,RTE-01,2024-07-13,Refrigerated - Produce,38556,768.14,41.67,delivered
LOAD-00015,CUST-06,RTE-06,2024-07-15,Refrigerated - Backhaul Mixed,22491,463.43,49.37,delivered
LOAD-00016,CUST-01,RTE-01,2024-07-20,Refrigerated - Produce,43434,755.9,60.63,delivered
LOAD-00017,CUST-06,RTE-07,2024-07-21,Refrigerated - Backhaul Mixed,29879,1218.24,100.72,delivered
LOAD-00018,CUST-02,RTE-02,2024-07-16,Refrigerated - Seafood,42771,2321.95,214.65,delivered
LOAD-00019,CUST-05,RTE-06,2024-07-17,Refrigerated - Backhaul Mixed,17662,567.76,37.1,delivered
LOAD-00020,CUST-04,RTE-04,2024-07-22,Refrigerated - Mixed,39864,2088.03,221.2,delivered
LOAD-00021,CUST-02,RTE-02,2024-07-18,Refrigerated - Seafood,38313,2329.19,232.08,delivered
LOAD-00022,CUST-05,RTE-07,2024-07-20,Refrigerated - Backhaul Mixed,25882,1174.2,86.13,delivered
LOAD-00023,CUST-04,RTE-04,2024-07-21,Refrigerated - Mixed,43042,2150.14,231.19,delivered
LOAD-00024,CUST-06,RTE-07,2024-07-23,Refrigerated - Backhaul Mixed,18848,1089.72,157.14,delivered
LOAD-00025,CUST-02,RTE-02,2024-07-20,Refrigerated - Seafood,41273,2357.72,161.93,delivered
LOAD-00026,CUST-04,RTE-04,2024-07-29,Refrigerated - Mixed,41888,2191.82,211.85,delivered
LOAD-00027,CUST-05,RTE-06,2024-07-30,Refrigerated - Backhaul Mixed,26369,464.41,36.94,delivered
LOAD-00028,CUST-01,RTE-01,2024-07-26,Refrigerated - Produce,41194,774.23,50.65,delivered
LOAD-00029,CUST-05,RTE-06,2024-07-28,Refrigerated - Backhaul Mixed,29859,574.97,46.02,delivered
LOAD-00030,CUST-03,RTE-03,2024-07-26,Refrigerated - Produce,40066,2507.54,219.83,delivered
LOAD-00031,CUST-06,RTE-05,2024-07-28,Refrigerated - Backhaul Mixed,18571,1368.1,127.46,delivered
LOAD-00032,CUST-02,RTE-02,2024-07-28,Refrigerated - Seafood,43138,2224.7,197.8,delivered
LOAD-00033,CUST-06,RTE-06,2024-07-30,Refrigerated - Backhaul Mixed,25413,460.1,58.82,delivered
LOAD-00034,CUST-02,RTE-02,2024-07-26,Refrigerated - Seafood,43473,2364.38,183.67,delivered
LOAD-00035,CUST-06,RTE-06,2024-07-28,Refrigerated - Backhaul Mixed,22800,519.12,37.21,delivered
LOAD-00036,CUST-04,RTE-04,2024-07-25,Refrigerated - Mixed,38988,2073.11,152.05,delivered
LOAD-00037,CUST-05,RTE-06,2024-07-26,Refrigerated - Backhaul Mixed,26426,574.13,46.6,delivered
LOAD-00038,CUST-04,RTE-04,2024-08-02,Refrigerated - Mixed,38439,2035.8,197.98,delivered
LOAD-00039,CUST-03,RTE-03,2024-08-02,Refrigerated - Produce,44062,2467.27,127.23,delivered
LOAD-00040,CUST-06,RTE-07,2024-08-03,Refrigerated - Backhaul Mixed,26262,1279.88,117.05,delivered
LOAD-00041,CUST-03,RTE-03,2024-08-05,Refrigerated - Produce,40364,2473.07,218.91,delivered
LOAD-00042,CUST-06,RTE-05,2024-08-07,Refrigerated - Backhaul Mixed,17870,1336.76,143.69,delivered
LOAD-00043,CUST-01,RTE-01,2024-08-01,Refrigerated - Produce,43682,768.56,51.86,delivered
LOAD-00044,CUST-05,RTE-06,2024-08-03,Refrigerated - Backhaul Mixed,27393,470.87,40.85,delivered
LOAD-00045,CUST-02,RTE-02,2024-08-11,Refrigerated - Seafood,41342,2273.31,118.6,delivered
LOAD-00046,CUST-05,RTE-07,2024-08-12,Refrigerated - Backhaul Mixed,23327,1180.24,154.71,delivered
LOAD-00047,CUST-04,RTE-04,2024-08-11,Refrigerated - Mixed,41967,2185.76,175.76,delivered
LOAD-00048,CUST-02,RTE-02,2024-08-11,Refrigerated - Seafood,42114,2311.54,121.33,delivered
LOAD-00049,CUST-04,RTE-04,2024-08-08,Refrigerated - Mixed,43524,2144.93,224.99,delivered
LOAD-00050,CUST-05,RTE-05,2024-08-10,Refrigerated - Backhaul Mixed,20873,1252.09,86.07,delivered
LOAD-00051,CUST-04,RTE-04,2024-08-14,Refrigerated - Mixed,43462,2142.67,177.34,delivered
LOAD-00052,CUST-02,RTE-02,2024-08-13,Refrigerated - Seafood,40423,2287.94,159.0,delivered
LOAD-00053,CUST-05,RTE-06,2024-08-14,Refrigerated - Backhaul Mixed,26104,529.81,48.63,delivered
LOAD-00054,CUST-03,RTE-03,2024-08-15,Refrigerated - Produce,41947,2524.77,150.84,delivered
LOAD-00055,CUST-06,RTE-05,2024-08-17,Refrigerated - Backhaul Mixed,22451,1147.72,125.23,delivered
LOAD-00056,CUST-03,RTE-03,2024-08-16,Refrigerated - Produce,38371,2484.97,134.0,delivered
LOAD-00057,CUST-05,RTE-07,2024-08-18,Refrigerated - Backhaul Mixed,28659,1336.78,133.22,delivered
LOAD-00058,CUST-04,RTE-04,2024-08-20,Refrigerated - Mixed,41725,2074.05,239.14,delivered
LOAD-00059,CUST-06,RTE-05,2024-08-21,Refrigerated - Backhaul Mixed,24764,1403.37,145.77,delivered
LOAD-00060,CUST-02,RTE-02,2024-08-20,Refrigerated - Seafood,41448,2263.91,131.83,delivered
LOAD-00061,CUST-03,RTE-03,2024-08-25,Refrigerated - Produce,38498,2442.99,235.68,delivered
LOAD-00062,CUST-06,RTE-06,2024-08-26,Refrigerated - Backhaul Mixed,16624,505.8,48.16,delivered
LOAD-00063,CUST-03,RTE-03,2024-08-25,Refrigerated - Produce,41885,2424.6,138.32,delivered
LOAD-00064,CUST-05,RTE-07,2024-08-26,Refrigerated - Backhaul Mixed,20761,1362.67,128.83,delivered
LOAD-00065,CUST-01,RTE-01,2024-08-23,Refrigerated - Produce,43680,751.97,64.66,delivered
LOAD-00066,CUST-05,RTE-07,2024-08-25,Refrigerated - Backhaul Mixed,17578,1177.94,117.02,delivered
LOAD-00067,CUST-04,RTE-04,2024-08-24,Refrigerated - Mixed,42197,2100.26,147.69,delivered
LOAD-00068,CUST-06,RTE-05,2024-08-25,Refrigerated - Backhaul Mixed,21229,1394.17,95.82,delivered
LOAD-00069,CUST-01,RTE-01,2024-08-29,Refrigerated - Produce,39407,738.37,76.68,delivered
LOAD-00070,CUST-05,RTE-05,2024-08-31,Refrigerated - Backhaul Mixed,27717,1321.42,97.3,delivered
LOAD-00071,CUST-04,RTE-04,2024-09-02,Refrigerated - Mixed,42747,2109.7,189.99,delivered
LOAD-00072,CUST-05,RTE-05,2024-09-03,Refrigerated - Backhaul Mixed,22581,1349.8,122.83,delivered
LOAD-00073,CUST-02,RTE-02,2024-09-01,Refrigerated - Seafood,41599,2217.07,199.79,delivered
LOAD-00074,CUST-05,RTE-07,2024-09-03,Refrigerated - Backhaul Mixed,17317,1164.58,127.41,delivered
LOAD-00075,CUST-01,RTE-01,2024-09-01,Refrigerated - Produce,40964,754.44,55.51,delivered
LOAD-00076,CUST-05,RTE-07,2024-09-02,Refrigerated - Backhaul Mixed,25125,1267.07,151.05,delivered
LOAD-00077,CUST-02,RTE-02,2024-09-01,Refrigerated - Seafood,44163,2409.75,188.44,delivered
LOAD-00078,CUST-05,RTE-05,2024-09-02,Refrigerated - Backhaul Mixed,19096,1412.41,92.78,delivered
LOAD-00079,CUST-02,RTE-02,2024-08-27,Refrigerated - Seafood,38218,2378.09,220.5,delivered
LOAD-00080,CUST-04,RTE-04,2024-09-09,Refrigerated - Mixed,38649,2106.79,122.14,delivered
LOAD-00081,CUST-05,RTE-05,2024-09-10,Refrigerated - Backhaul Mixed,23782,1424.32,122.24,delivered
LOAD-00082,CUST-01,RTE-01,2024-09-07,Refrigerated - Produce,43207,737.4,57.34,delivered
LOAD-00083,CUST-05,RTE-05,2024-09-08,Refrigerated - Backhaul Mixed,25531,1261.48,109.09,delivered
LOAD-00084,CUST-01,RTE-01,2024-09-09,Refrigerated - Produce,39019,769.1,51.95,delivered
LOAD-00085,CUST-06,RTE-05,2024-09-10,Refrigerated - Backhaul Mixed,28473,1169.57,130.6,delivered
LOAD-00086,CUST-04,RTE-04,2024-09-05,Refrigerated - Mixed,38469,2073.8,240.57,delivered
LOAD-00087,CUST-05,RTE-05,2024-09-07,Refrigerated - Backhaul Mixed,21001,1165.64,144.95,delivered
LOAD-00088,CUST-01,RTE-01,2024-09-14,Refrigerated - Produce,41655,728.82,49.15,delivered
LOAD-00089,CUST-06,RTE-06,2024-09-16,Refrigerated - Backhaul Mixed,19757,539.38,46.5,delivered
LOAD-00090,CUST-02,RTE-02,2024-09-14,Refrigerated - Seafood,40533,2335.69,127.09,delivered
LOAD-00091,CUST-05,RTE-05,2024-09-15,Refrigerated - Backhaul Mixed,23238,1401.16,92.02,delivered
LOAD-00092,CUST-03,RTE-03,2024-09-14,Refrigerated - Produce,42370,2369.89,156.34,delivered
LOAD-00093,CUST-05,RTE-06,2024-09-16,Refrigerated - Backhaul Mixed,19745,511.62,48.81,delivered
LOAD-00094,CUST-03,RTE-03,2024-09-12,Refrigerated - Produce,41035,2556.59,135.69,delivered
LOAD-00095,CUST-06,RTE-05,2024-09-13,Refrigerated - Backhaul Mixed,18110,1456.95,140.27,delivered
LOAD-00096,CUST-04,RTE-04,2024-09-12,Refrigerated - Mixed,43509,2135.01,223.91,delivered
LOAD-00097,CUST-06,RTE-06,2024-09-13,Refrigerated - Backhaul Mixed,25211,546.58,38.39,delivered
LOAD-00098,CUST-03,RTE-03,2024-09-11,Refrigerated - Produce,39220,2518.95,182.32,delivered
LOAD-00099,CUST-05,RTE-07,2024-09-12,Refrigerated - Backhaul Mixed,28054,1366.25,127.49,delivered
LOAD-00100,CUST-01,RTE-01,2024-09-18,Refrigerated - Produce,41382,740.77,55.33,delivered
LOAD-00101,CUST-03,RTE-03,2024-09-20,Refrigerated - Produce,43905,2462.36,201.1,delivered
LOAD-00102,CUST-06,RTE-07,2024-09-21,Refrigerated - Backhaul Mixed,20654,1340.01,112.26,delivered
LOAD-00103,CUST-03,RTE-03,2024-09-22,Refrigerated - Produce,42807,2372.55,193.88,delivered
LOAD-00104,CUST-06,RTE-06,2024-09-23,Refrigerated - Backhaul Mixed,27594,483.71,31.77,delivered
LOAD-00105,CUST-03,RTE-03,2024-09-22,Refrigerated - Produce,42652,2534.93,121.11,delivered
LOAD-00106,CUST-06,RTE-07,2024-09-23,Refrigerated - Backhaul Mixed,27407,1307.26,126.21,delivered
LOAD-00107,CUST-03,RTE-03,2024-09-24,Refrigerated - Produce,40187,2426.63,173.61,delivered
LOAD-00108,CUST-05,RTE-07,2024-09-25,Refrigerated - Backhaul Mixed,21021,1259.83,156.22,delivered
LOAD-00109,CUST-02,RTE-02,2024-09-29,Refrigerated - Seafood,42880,2366.73,196.6,delivered
LOAD-00110,CUST-06,RTE-05,2024-10-01,Refrigerated - Backhaul Mixed,23409,1414.91,118.45,delivered
LOAD-00111,CUST-01,RTE-01,2024-09-26,Refrigerated - Produce,38565,747.45,41.35,delivered
LOAD-00112,CUST-01,RTE-01,2024-09-27,Refrigerated - Produce,42417,756.89,64.81,delivered
LOAD-00113,CUST-06,RTE-06,2024-09-29,Refrigerated - Backhaul Mixed,23715,534.65,46.33,delivered
LOAD-00114,CUST-01,RTE-01,2024-10-01,Refrigerated - Produce,38398,741.13,65.21,delivered
LOAD-00115,CUST-03,RTE-03,2024-10-05,Refrigerated - Produce,40626,2469.21,212.7,delivered
LOAD-00116,CUST-06,RTE-06,2024-10-07,Refrigerated - Backhaul Mixed,21821,549.39,39.56,delivered
LOAD-00117,CUST-02,RTE-02,2024-10-04,Refrigerated - Seafood,40705,2289.4,146.83,delivered
LOAD-00118,CUST-05,RTE-07,2024-10-06,Refrigerated - Backhaul Mixed,20455,1210.13,150.49,delivered
LOAD-00119,CUST-03,RTE-03,2024-10-02,Refrigerated - Produce,42371,2512.7,165.68,delivered
LOAD-00120,CUST-02,RTE-02,2024-10-10,Refrigerated - Seafood,42667,2249.59,143.91,delivered
LOAD-00121,CUST-05,RTE-07,2024-10-11,Refrigerated - Backhaul Mixed,16217,1224.03,148.05,delivered
LOAD-00122,CUST-01,RTE-01,2024-10-08,Refrigerated - Produce,38137,746.85,55.04,delivered
LOAD-00123,CUST-05,RTE-05,2024-10-10,Refrigerated - Backhaul Mixed,20807,1351.4,102.07,delivered
LOAD-00124,CUST-04,RTE-04,2024-10-11,Refrigerated - Mixed,43216,2093.25,179.33,delivered
LOAD-00125,CUST-04,RTE-04,2024-10-13,Refrigerated - Mixed,43606,2073.14,233.79,delivered
LOAD-00126,CUST-06,RTE-05,2024-10-14,Refrigerated - Backhaul Mixed,21288,1370.65,125.56,delivered
LOAD-00127,CUST-03,RTE-03,2024-10-14,Refrigerated - Produce,41690,2348.91,152.8,delivered
LOAD-00128,CUST-05,RTE-05,2024-10-16,Refrigerated - Backhaul Mixed,20896,1144.78,106.62,delivered
LOAD-00129,CUST-03,RTE-03,2024-10-12,Refrigerated - Produce,41389,2532.07,121.48,delivered
LOAD-00130,CUST-06,RTE-06,2024-10-13,Refrigerated - Backhaul Mixed,23123,570.18,51.63,delivered
LOAD-00131,CUST-03,RTE-03,2024-10-17,Refrigerated - Produce,41924,2474.87,203.44,delivered
LOAD-00132,CUST-05,RTE-07,2024-10-18,Refrigerated - Backhaul Mixed,26605,1357.87,117.66,delivered
LOAD-00133,CUST-01,RTE-01,2024-10-18,Refrigerated - Produce,42769,741.31,62.32,delivered
LOAD-00134,CUST-05,RTE-05,2024-10-20,Refrigerated - Backhaul Mixed,25596,1332.39,134.07,delivered
LOAD-00135,CUST-04,RTE-04,2024-10-18,Refrigerated - Mixed,42099,2168.15,193.01,delivered
LOAD-00136,CUST-06,RTE-06,2024-10-20,Refrigerated - Backhaul Mixed,26415,508.75,43.14,delivered
LOAD-00137,CUST-02,RTE-02,2024-10-19,Refrigerated - Seafood,41785,2277.5,166.89,delivered
LOAD-00138,CUST-05,RTE-07,2024-10-20,Refrigerated - Backhaul Mixed,23796,1240.68,144.86,delivered
LOAD-00139,CUST-03,RTE-03,2024-10-24,Refrigerated - Produce,43518,2528.08,194.08,delivered
LOAD-00140,CUST-05,RTE-07,2024-10-25,Refrigerated - Backhaul Mixed,17298,1233.69,119.92,delivered
LOAD-00141,CUST-04,RTE-04,2024-10-25,Refrigerated - Mixed,42003,2100.54,223.55,delivered
LOAD-00142,CUST-05,RTE-06,2024-10-27,Refrigerated - Backhaul Mixed,18580,546.0,43.24,delivered
LOAD-00143,CUST-04,RTE-04,2024-10-26,Refrigerated - Mixed,39692,2053.22,138.42,delivered
LOAD-00144,CUST-06,RTE-05,2024-10-27,Refrigerated - Backhaul Mixed,29189,1434.53,91.84,delivered
LOAD-00145,CUST-01,RTE-01,2024-10-25,Refrigerated - Produce,38762,753.62,73.32,delivered
LOAD-00146,CUST-05,RTE-06,2024-10-26,Refrigerated - Backhaul Mixed,22039,550.68,41.93,delivered
LOAD-00147,CUST-04,RTE-04,2024-11-03,Refrigerated - Mixed,39294,2024.85,234.43,delivered
LOAD-00148,CUST-06,RTE-07,2024-11-04,Refrigerated - Backhaul Mixed,22032,1287.05,141.3,delivered
LOAD-00149,CUST-04,RTE-04,2024-11-04,Refrigerated - Mixed,39875,2153.31,179.54,delivered
LOAD-00150,CUST-05,RTE-05,2024-11-05,Refrigerated - Backhaul Mixed,25290,1290.99,140.38,delivered
LOAD-00151,CUST-02,RTE-02,2024-10-31,Refrigerated - Seafood,40032,2260.27,192.42,delivered
LOAD-00152,CUST-05,RTE-06,2024-11-02,Refrigerated - Backhaul Mixed,20916,515.59,59.33,delivered
LOAD-00153,CUST-03,RTE-03,2024-10-29,Refrigerated - Produce,44465,2389.78,230.71,delivered
LOAD-00154,CUST-05,RTE-06,2024-10-30,Refrigerated - Backhaul Mixed,28868,486.96,43.12,delivered
LOAD-00155,CUST-04,RTE-04,2024-11-06,Refrigerated - Mixed,44414,2202.39,185.05,delivered
LOAD-00156,CUST-06,RTE-06,2024-11-07,Refrigerated - Backhaul Mixed,29079,513.29,31.66,delivered
LOAD-00157,CUST-02,RTE-02,2024-11-08,Refrigerated - Seafood,38289,2246.02,229.36,delivered
LOAD-00158,CUST-05,RTE-06,2024-11-10,Refrigerated - Backhaul Mixed,27673,561.36,55.98,delivered
LOAD-00159,CUST-02,RTE-02,2024-11-17,Refrigerated - Seafood,38195,2240.14,226.09,delivered
LOAD-00160,CUST-06,RTE-06,2024-11-18,Refrigerated - Backhaul Mixed,24515,506.42,52.44,delivered
LOAD-00161,CUST-04,RTE-04,2024-11-18,Refrigerated - Mixed,40605,2154.58,210.85,delivered
LOAD-00162,CUST-03,RTE-03,2024-11-25,Refrigerated - Produce,38330,2523.87,203.63,delivered
LOAD-00163,CUST-05,RTE-07,2024-11-26,Refrigerated - Backhaul Mixed,28005,1090.14,88.7,delivered
LOAD-00164,CUST-02,RTE-02,2024-11-19,Refrigerated - Seafood,39055,2395.86,168.88,delivered
LOAD-00165,CUST-05,RTE-06,2024-11-21,Refrigerated - Backhaul Mixed,19505,492.71,57.25,delivered
LOAD-00166,CUST-01,RTE-01,2024-12-01,Refrigerated - Produce,40941,777.34,69.49,delivered
LOAD-00167,CUST-03,RTE-03,2024-12-02,Refrigerated - Produce,42337,2355.27,238.98,delivered
LOAD-00168,CUST-05,RTE-05,2024-12-04,Refrigerated - Backhaul Mixed,27093,1222.56,107.42,delivered
LOAD-00169,CUST-01,RTE-01,2024-12-03,Refrigerated - Produce,38163,715.11,62.46,delivered
LOAD-00170,CUST-06,RTE-07,2024-12-05,Refrigerated - Backhaul Mixed,25848,1360.22,110.57,delivered
LOAD-00171,CUST-03,RTE-03,2024-12-08,Refrigerated - Produce,39436,2391.42,190.67,delivered
LOAD-00172,CUST-05,RTE-05,2024-12-09,Refrigerated - Backhaul Mixed,25423,1259.63,107.54,delivered
LOAD-00173,CUST-04,RTE-04,2024-12-06,Refrigerated - Mixed,41391,2160.61,239.25,delivered
LOAD-00174,CUST-05,RTE-06,2024-12-07,Refrigerated - Backhaul Mixed,16228,562.79,34.83,delivered
LOAD-00175,CUST-04,RTE-04,2024-12-04,Refrigerated - Mixed,43979,2153.91,209.23,delivered
LOAD-00176,CUST-06,RTE-07,2024-12-06,Refrigerated - Backhaul Mixed,16892,1365.37,118.62,delivered
LOAD-00177,CUST-03,RTE-03,2024-12-13,Refrigerated - Produce,38504,2392.08,152.23,delivered
LOAD-00178,CUST-06,RTE-05,2024-12-14,Refrigerated - Backhaul Mixed,28990,1243.51,113.68,delivered
LOAD-00179,CUST-04,RTE-04,2024-12-10,Refrigerated - Mixed,39654,2036.61,204.5,delivered
LOAD-00180,CUST-04,RTE-04,2024-12-10,Refrigerated - Mixed,42641,2043.09,139.68,delivered
LOAD-00181,CUST-06,RTE-07,2024-12-11,Refrigerated - Backhaul Mixed,20431,1072.69,152.11,delivered
LOAD-00182,CUST-04,RTE-04,2024-12-15,Refrigerated - Mixed,43970,2168.47,160.49,delivered
LOAD-00183,CUST-06,RTE-07,2024-12-16,Refrigerated - Backhaul Mixed,29406,1102.9,149.03,delivered
LOAD-00184,CUST-01,RTE-01,2024-12-22,Refrigerated - Produce,41654,727.49,58.06,delivered
LOAD-00185,CUST-05,RTE-05,2024-12-23,Refrigerated - Backhaul Mixed,26103,1431.19,134.26,delivered
LOAD-00186,CUST-03,RTE-03,2024-12-22,Refrigerated - Produce,40856,2435.47,165.18,delivered
LOAD-00187,CUST-05,RTE-07,2024-12-24,Refrigerated - Backhaul Mixed,19529,1210.86,107.57,delivered
LOAD-00188,CUST-03,RTE-03,2024-12-26,Refrigerated - Produce,44035,2541.56,168.55,delivered
LOAD-00189,CUST-05,RTE-06,2024-12-27,Refrigerated - Backhaul Mixed,24159,543.5,51.76,delivered
LOAD-00190,CUST-01,RTE-01,2024-12-30,Refrigerated - Produce,38981,742.85,46.59,delivered
LOAD-00191,CUST-05,RTE-06,2024-12-31,Refrigerated - Backhaul Mixed,25338,548.49,44.63,delivered
LOAD-00192,CUST-04,RTE-04,2024-12-29,Refrigerated - Mixed,41140,2098.22,238.79,delivered
LOAD-00193,CUST-06,RTE-06,2024-12-31,Refrigerated - Backhaul Mixed,24644,463.17,41.51,delivered
LOAD-00194,CUST-03,RTE-03,2024-12-27,Refrigerated - Produce,41304,2507.13,139.79,delivered
LOAD-00195,CUST-05,RTE-07,2024-12-28,Refrigerated - Backhaul Mixed,16771,1245.85,84.36,delivered
LOAD-00196,CUST-02,RTE-02,2025-01-04,Refrigerated - Seafood,42190,2295.69,222.14,delivered
LOAD-00197,CUST-06,RTE-06,2025-01-05,Refrigerated - Backhaul Mixed,16458,477.03,30.38,delivered
LOAD-00198,CUST-01,RTE-01,2024-12-31,Refrigerated - Produce,40380,765.59,73.09,delivered
LOAD-00199,CUST-06,RTE-06,2025-01-01,Refrigerated - Backhaul Mixed,19395,563.66,58.65,delivered
LOAD-00200,CUST-04,RTE-04,2025-01-03,Refrigerated - Mixed,40937,2056.12,167.64,delivered
LOAD-00201,CUST-05,RTE-07,2025-01-04,Refrigerated - Backhaul Mixed,20542,1365.63,134.42,delivered
LOAD-00202,CUST-04,RTE-04,2025-01-01,Refrigerated - Mixed,38613,2183.22,227.13,delivered
LOAD-00203,CUST-05,RTE-06,2025-01-02,Refrigerated - Backhaul Mixed,15291,574.96,52.36,delivered
LOAD-00204,CUST-02,RTE-02,2025-01-13,Refrigerated - Seafood,44286,2383.81,155.84,delivered
LOAD-00205,CUST-05,RTE-06,2025-01-15,Refrigerated - Backhaul Mixed,17301,452.26,34.92,delivered
LOAD-00206,CUST-01,RTE-01,2025-01-12,Refrigerated - Produce,43394,762.85,56.57,delivered
LOAD-00207,CUST-02,RTE-02,2025-01-19,Refrigerated - Seafood,41173,2360.24,132.02,delivered
LOAD-00208,CUST-03,RTE-03,2025-01-18,Refrigerated - Produce,40571,2527.54,185.74,delivered
LOAD-00209,CUST-06,RTE-06,2025-01-20,Refrigerated - Backhaul Mixed,23747,534.74,56.82,delivered
LOAD-00210,CUST-01,RTE-01,2025-01-22,Refrigerated - Produce,43047,735.28,56.65,delivered
LOAD-00211,CUST-06,RTE-07,2025-01-24,Refrigerated - Backhaul Mixed,27184,1361.87,84.83,delivered
LOAD-00212,CUST-04,RTE-04,2025-01-23,Refrigerated - Mixed,39531,2055.39,204.44,delivered
LOAD-00213,CUST-05,RTE-06,2025-01-25,Refrigerated - Backhaul Mixed,28814,547.79,48.76,delivered
LOAD-00214,CUST-03,RTE-03,2025-01-21,Refrigerated - Produce,40718,2390.98,145.6,delivered
LOAD-00215,CUST-01,RTE-01,2025-01-22,Refrigerated - Produce,38928,756.88,51.52,delivered
LOAD-00216,CUST-05,RTE-05,2025-01-23,Refrigerated - Backhaul Mixed,23736,1469.69,144.53,delivered
LOAD-00217,CUST-02,RTE-02,2025-02-02,Refrigerated - Seafood,38310,2213.88,200.87,delivered
LOAD-00218,CUST-05,RTE-05,2025-02-03,Refrigerated - Backhaul Mixed,26483,1397.18,129.23,delivered
LOAD-00219,CUST-01,RTE-01,2025-02-02,Refrigerated - Produce,39117,742.97,59.81,delivered
LOAD-00220,CUST-05,RTE-05,2025-02-03,Refrigerated - Backhaul Mixed,23970,1335.58,113.62,delivered
LOAD-00221,CUST-01,RTE-01,2025-02-09,Refrigerated - Produce,38804,730.74,41.63,delivered
LOAD-00222,CUST-05,RTE-07,2025-02-11,Refrigerated - Backhaul Mixed,20182,1237.0,109.84,delivered
LOAD-00223,CUST-04,RTE-04,2025-02-07,Refrigerated - Mixed,41989,2106.17,215.63,delivered
LOAD-00224,CUST-06,RTE-05,2025-02-09,Refrigerated - Backhaul Mixed,15600,1401.63,98.84,delivered
LOAD-00225,CUST-01,RTE-01,2025-02-08,Refrigerated - Produce,43428,737.82,58.58,delivered
LOAD-00226,CUST-05,RTE-05,2025-02-09,Refrigerated - Backhaul Mixed,25954,1231.91,100.57,delivered
LOAD-00227,CUST-03,RTE-03,2025-02-08,Refrigerated - Produce,42459,2525.74,151.6,delivered
LOAD-00228,CUST-05,RTE-07,2025-02-09,Refrigerated - Backhaul Mixed,17713,1217.13,91.69,delivered
LOAD-00229,CUST-01,RTE-01,2025-02-16,Refrigerated - Produce,39726,743.47,57.67,delivered
LOAD-00230,CUST-04,RTE-04,2025-02-15,Refrigerated - Mixed,38152,2135.36,189.98,delivered
LOAD-00231,CUST-05,RTE-06,2025-02-16,Refrigerated - Backhaul Mixed,22429,541.3,40.28,delivered
LOAD-00232,CUST-01,RTE-01,2025-02-17,Refrigerated - Produce,42943,717.57,64.72,delivered
LOAD-00233,CUST-05,RTE-07,2025-02-18,Refrigerated - Backhaul Mixed,27547,1193.31,100.99,delivered
LOAD-00234,CUST-04,RTE-04,2025-02-13,Refrigerated - Mixed,43337,2090.42,140.31,delivered
LOAD-00235,CUST-06,RTE-06,2025-02-14,Refrigerated - Backhaul Mixed,17262,547.86,41.94,delivered
LOAD-00236,CUST-01,RTE-01,2025-02-24,Refrigerated - Produce,42917,766.26,57.4,delivered
LOAD-00237,CUST-05,RTE-07,2025-02-26,Refrigerated - Backhaul Mixed,25490,1355.59,146.53,delivered
LOAD-00238,CUST-01,RTE-01,2025-02-19,Refrigerated - Produce,40892,777.84,69.41,delivered
LOAD-00239,CUST-06,RTE-06,2025-02-21,Refrigerated - Backhaul Mixed,22450,475.95,58.89,delivered
LOAD-00240,CUST-04,RTE-04,2025-03-02,Refrigerated - Mixed,44307,2204.87,189.92,delivered
LOAD-00241,CUST-05,RTE-06,2025-03-03,Refrigerated - Backhaul Mixed,19706,538.23,37.9,delivered
LOAD-00242,CUST-04,RTE-04,2025-02-26,Refrigerated - Mixed,39982,2161.47,150.04,delivered
LOAD-00243,CUST-05,RTE-07,2025-02-28,Refrigerated - Backhaul Mixed,20167,1325.11,110.38,delivered
LOAD-00244,CUST-01,RTE-01,2025-03-01,Refrigerated - Produce,43622,744.87,54.35,delivered
LOAD-00245,CUST-05,RTE-06,2025-03-03,Refrigerated - Backhaul Mixed,22722,518.25,37.11,delivered
LOAD-00246,CUST-01,RTE-01,2025-03-03,Refrigerated - Produce,42549,759.43,70.36,delivered
LOAD-00247,CUST-04,RTE-04,2025-03-10,Refrigerated - Mixed,42651,2078.63,189.8,delivered
LOAD-00248,CUST-06,RTE-05,2025-03-11,Refrigerated - Backhaul Mixed,24921,1183.8,152.19,delivered
LOAD-00249,CUST-02,RTE-02,2025-03-07,Refrigerated - Seafood,40763,2388.77,191.95,delivered
LOAD-00250,CUST-01,RTE-01,2025-03-05,Refrigerated - Produce,40061,719.7,48.15,delivered
LOAD-00251,CUST-05,RTE-06,2025-03-07,Refrigerated - Backhaul Mixed,21387,457.32,57.95,delivered
LOAD-00252,CUST-03,RTE-03,2025-03-10,Refrigerated - Produce,43714,2462.86,136.21,delivered
LOAD-00253,CUST-05,RTE-05,2025-03-12,Refrigerated - Backhaul Mixed,15136,1258.65,119.74,delivered
LOAD-00254,CUST-04,RTE-04,2025-03-17,Refrigerated - Mixed,43122,2063.57,131.12,delivered
LOAD-00255,CUST-06,RTE-07,2025-03-18,Refrigerated - Backhaul Mixed,15813,1119.17,82.06,delivered
LOAD-00256,CUST-03,RTE-03,2025-03-14,Refrigerated - Produce,40705,2444.23,214.97,delivered
LOAD-00257,CUST-05,RTE-06,2025-03-15,Refrigerated - Backhaul Mixed,22550,543.06,31.01,delivered
LOAD-00258,CUST-02,RTE-02,2025-03-13,Refrigerated - Seafood,43461,2283.6,123.09,delivered
LOAD-00259,CUST-05,RTE-05,2025-03-15,Refrigerated - Backhaul Mixed,25135,1196.05,88.95,delivered
LOAD-00260,CUST-02,RTE-02,2025-03-16,Refrigerated - Seafood,43934,2213.38,161.2,delivered
LOAD-00261,CUST-05,RTE-07,2025-03-18,Refrigerated - Backhaul Mixed,23873,1200.77,146.46,delivered
LOAD-00262,CUST-04,RTE-04,2025-03-22,Refrigerated - Mixed,40319,2166.9,140.23,delivered
LOAD-00263,CUST-05,RTE-05,2025-03-24,Refrigerated - Backhaul Mixed,21366,1153.73,133.8,delivered
LOAD-00264,CUST-04,RTE-04,2025-03-20,Refrigerated - Mixed,38477,2177.57,218.0,delivered
LOAD-00265,CUST-05,RTE-07,2025-03-22,Refrigerated - Backhaul Mixed,24149,1238.4,156.77,delivered
LOAD-00266,CUST-03,RTE-03,2025-03-27,Refrigerated - Produce,41045,2463.2,239.62,delivered
LOAD-00267,CUST-05,RTE-06,2025-03-28,Refrigerated - Backhaul Mixed,24760,541.58,59.49,delivered
LOAD-00268,CUST-02,RTE-02,2025-03-29,Refrigerated - Seafood,39278,2228.49,170.86,delivered
LOAD-00269,CUST-05,RTE-07,2025-03-31,Refrigerated - Backhaul Mixed,26973,1246.26,104.68,delivered
LOAD-00270,CUST-03,RTE-03,2025-03-25,Refrigerated - Produce,42627,2457.55,158.32,delivered
LOAD-00271,CUST-06,RTE-05,2025-03-27,Refrigerated - Backhaul Mixed,21540,1335.15,85.52,delivered
LOAD-00272,CUST-01,RTE-01,2025-03-26,Refrigerated - Produce,43609,729.12,55.77,delivered
LOAD-00273,CUST-05,RTE-06,2025-03-27,Refrigerated - Backhaul Mixed,18825,504.06,57.73,delivered
LOAD-00274,CUST-03,RTE-03,2025-04-01,Refrigerated - Produce,39669,2388.3,184.56,delivered
LOAD-00275,CUST-05,RTE-06,2025-04-03,Refrigerated - Backhaul Mixed,25862,454.99,49.81,delivered
LOAD-00276,CUST-01,RTE-01,2025-04-04,Refrigerated - Produce,40497,714.01,74.97,delivered
LOAD-00277,CUST-05,RTE-06,2025-04-05,Refrigerated - Backhaul Mixed,18695,570.17,58.47,delivered
LOAD-00278,CUST-03,RTE-03,2025-04-03,Refrigerated - Produce,43345,2441.04,135.81,delivered
LOAD-00279,CUST-04,RTE-04,2025-04-03,Refrigerated - Mixed,44108,2203.95,158.36,delivered
LOAD-00280,CUST-06,RTE-07,2025-04-05,Refrigerated - Backhaul Mixed,28961,1282.69,110.6,delivered
LOAD-00281,CUST-02,RTE-02,2025-04-02,Refrigerated - Seafood,41598,2222.66,225.47,delivered
LOAD-00282,CUST-05,RTE-05,2025-04-03,Refrigerated - Backhaul Mixed,27045,1317.42,113.74,delivered
LOAD-00283,CUST-01,RTE-01,2025-04-05,Refrigerated - Produce,41797,757.37,74.24,delivered
LOAD-00284,CUST-06,RTE-05,2025-04-06,Refrigerated - Backhaul Mixed,25626,1173.35,107.91,delivered
LOAD-00285,CUST-02,RTE-02,2025-04-10,Refrigerated - Seafood,44300,2242.53,133.92,delivered
LOAD-00286,CUST-05,RTE-06,2025-04-12,Refrigerated - Backhaul Mixed,22434,474.71,49.78,delivered
LOAD-00287,CUST-03,RTE-03,2025-04-08,Refrigerated - Produce,43464,2350.46,222.46,delivered
LOAD-00288,CUST-06,RTE-07,2025-04-10,Refrigerated - Backhaul Mixed,19903,1351.15,88.0,delivered
LOAD-00289,CUST-02,RTE-02,2025-04-12,Refrigerated - Seafood,38895,2353.06,188.61,delivered
LOAD-00290,CUST-03,RTE-03,2025-04-09,Refrigerated - Produce,38196,2557.44,120.19,delivered
LOAD-00291,CUST-06,RTE-06,2025-04-11,Refrigerated - Backhaul Mixed,20460,546.92,33.42,delivered
LOAD-00292,CUST-04,RTE-04,2025-04-18,Refrigerated - Mixed,42268,2197.61,128.31,delivered
LOAD-00293,CUST-02,RTE-02,2025-04-20,Refrigerated - Seafood,42875,2327.2,162.58,delivered
LOAD-00294,CUST-05,RTE-05,2025-04-22,Refrigerated - Backhaul Mixed,15408,1450.1,117.67,delivered
LOAD-00295,CUST-02,RTE-02,2025-04-16,Refrigerated - Seafood,43846,2359.01,170.75,delivered
LOAD-00296,CUST-05,RTE-07,2025-04-18,Refrigerated - Backhaul Mixed,19532,1160.68,96.0,delivered
LOAD-00297,CUST-03,RTE-03,2025-04-19,Refrigerated - Produce,40320,2401.92,233.19,delivered
LOAD-00298,CUST-06,RTE-07,2025-04-20,Refrigerated - Backhaul Mixed,28392,1252.84,105.65,delivered
LOAD-00299,CUST-04,RTE-04,2025-04-21,Refrigerated - Mixed,39177,2110.95,236.61,delivered
LOAD-00300,CUST-06,RTE-05,2025-04-22,Refrigerated - Backhaul Mixed,20339,1417.89,146.44,delivered
LOAD-00301,CUST-04,RTE-04,2025-04-20,Refrigerated - Mixed,44449,2170.42,174.4,delivered
LOAD-00302,CUST-06,RTE-07,2025-04-21,Refrigerated - Backhaul Mixed,16007,1162.72,132.42,delivered
LOAD-00303,CUST-03,RTE-03,2025-04-26,Refrigerated - Produce,43880,2544.1,232.4,delivered
LOAD-00304,CUST-06,RTE-06,2025-04-27,Refrigerated - Backhaul Mixed,22130,539.67,42.18,delivered
LOAD-00305,CUST-01,RTE-01,2025-04-22,Refrigerated - Produce,43389,720.96,73.51,delivered
LOAD-00306,CUST-06,RTE-06,2025-04-23,Refrigerated - Backhaul Mixed,24905,492.88,35.57,delivered
LOAD-00307,CUST-01,RTE-01,2025-04-24,Refrigerated - Produce,38655,750.06,76.51,delivered
LOAD-00308,CUST-06,RTE-07,2025-04-25,Refrigerated - Backhaul Mixed,23765,1251.82,153.24,delivered
LOAD-00309,CUST-03,RTE-03,2025-04-27,Refrigerated - Produce,38503,2502.04,187.64,delivered
LOAD-00310,CUST-05,RTE-05,2025-04-29,Refrigerated - Backhaul Mixed,17873,1364.64,111.64,delivered
LOAD-00311,CUST-04,RTE-04,2025-04-28,Refrigerated - Mixed,43223,2066.86,174.98,delivered
LOAD-00312,CUST-04,RTE-04,2025-04-23,Refrigerated - Mixed,40151,2151.31,168.89,delivered
LOAD-00313,CUST-06,RTE-06,2025-04-25,Refrigerated - Backhaul Mixed,16610,490.21,38.01,delivered
LOAD-00314,CUST-02,RTE-02,2025-05-01,Refrigerated - Seafood,38278,2359.15,146.47,delivered
LOAD-00315,CUST-05,RTE-05,2025-05-02,Refrigerated - Backhaul Mixed,22650,1376.91,102.15,delivered
LOAD-00316,CUST-03,RTE-03,2025-04-29,Refrigerated - Produce,41609,2552.25,151.76,delivered
LOAD-00317,CUST-05,RTE-06,2025-05-01,Refrigerated - Backhaul Mixed,26920,450.83,32.11,delivered
LOAD-00318,CUST-04,RTE-04,2025-05-04,Refrigerated - Mixed,43961,2112.39,170.58,delivered
LOAD-00319,CUST-01,RTE-01,2025-05-04,Refrigerated - Produce,40785,735.73,72.28,delivered
LOAD-00320,CUST-06,RTE-07,2025-05-05,Refrigerated - Backhaul Mixed,18163,1289.96,91.77,delivered
LOAD-00321,CUST-03,RTE-03,2025-04-29,Refrigerated - Produce,38968,2515.4,125.14,delivered
LOAD-00322,CUST-05,RTE-05,2025-04-30,Refrigerated - Backhaul Mixed,20035,1200.95,85.57,delivered
LOAD-00323,CUST-04,RTE-04,2025-05-05,Refrigerated - Mixed,42718,2083.22,240.07,delivered
LOAD-00324,CUST-05,RTE-07,2025-05-07,Refrigerated - Backhaul Mixed,25357,1102.19,144.18,delivered
LOAD-00325,CUST-02,RTE-02,2025-05-11,Refrigerated - Seafood,42285,2251.65,191.86,delivered
LOAD-00326,CUST-06,RTE-05,2025-05-12,Refrigerated - Backhaul Mixed,23315,1433.08,161.92,delivered
LOAD-00327,CUST-01,RTE-01,2025-05-11,Refrigerated - Produce,39716,714.96,53.2,delivered
LOAD-00328,CUST-06,RTE-07,2025-05-13,Refrigerated - Backhaul Mixed,29718,1191.31,140.64,delivered
LOAD-00329,CUST-01,RTE-01,2025-05-09,Refrigerated - Produce,42992,770.75,44.65,delivered
LOAD-00330,CUST-06,RTE-06,2025-05-11,Refrigerated - Backhaul Mixed,18602,501.14,52.81,delivered
LOAD-00331,CUST-04,RTE-04,2025-05-06,Refrigerated - Mixed,40681,2161.3,151.47,delivered
LOAD-00332,CUST-06,RTE-05,2025-05-07,Refrigerated - Backhaul Mixed,19846,1462.39,92.32,delivered
LOAD-00333,CUST-04,RTE-04,2025-05-12,Refrigerated - Mixed,43134,2056.81,227.39,delivered
LOAD-00334,CUST-05,RTE-07,2025-05-14,Refrigerated - Backhaul Mixed,15898,1254.13,107.52,delivered
LOAD-00335,CUST-02,RTE-02,2025-05-07,Refrigerated - Seafood,38930,2412.17,144.92,delivered
LOAD-00336,CUST-06,RTE-07,2025-05-08,Refrigerated - Backhaul Mixed,28251,1310.11,156.6,delivered
LOAD-00337,CUST-02,RTE-02,2025-05-14,Refrigerated - Seafood,40401,2316.79,190.39,delivered
LOAD-00338,CUST-06,RTE-07,2025-05-16,Refrigerated - Backhaul Mixed,23686,1212.24,134.1,delivered
LOAD-00339,CUST-02,RTE-02,2025-05-16,Refrigerated - Seafood,42385,2337.07,135.81,delivered
LOAD-00340,CUST-06,RTE-05,2025-05-17,Refrigerated - Backhaul Mixed,23182,1183.88,83.53,delivered
LOAD-00341,CUST-02,RTE-02,2025-05-19,Refrigerated - Seafood,41621,2374.54,202.24,delivered
LOAD-00342,CUST-04,RTE-04,2025-05-17,Refrigerated - Mixed,42956,2058.62,160.11,delivered
LOAD-00343,CUST-06,RTE-06,2025-05-19,Refrigerated - Backhaul Mixed,28200,551.73,38.66,delivered
LOAD-00344,CUST-03,RTE-03,2025-05-16,Refrigerated - Produce,43818,2433.43,186.7,delivered
LOAD-00345,CUST-04,RTE-04,2025-05-19,Refrigerated - Mixed,40356,2045.3,202.41,delivered
LOAD-00346,CUST-05,RTE-07,2025-05-21,Refrigerated - Backhaul Mixed,15287,1177.0,139.5,delivered
LOAD-00347,CUST-03,RTE-03,2025-05-22,Refrigerated - Produce,42209,2458.7,232.36,delivered
LOAD-00348,CUST-06,RTE-05,2025-05-23,Refrigerated - Backhaul Mixed,20575,1268.44,121.02,delivered
LOAD-00349,CUST-01,RTE-01,2025-05-26,Refrigerated - Produce,38954,739.19,74.73,delivered
LOAD-00350,CUST-05,RTE-05,2025-05-27,Refrigerated - Backhaul Mixed,26272,1186.31,138.08,delivered
LOAD-00351,CUST-01,RTE-01,2025-05-21,Refrigerated - Produce,42859,713.55,64.73,delivered
LOAD-00352,CUST-06,RTE-05,2025-05-22,Refrigerated - Backhaul Mixed,17630,1462.01,109.85,delivered
LOAD-00353,CUST-02,RTE-02,2025-05-20,Refrigerated - Seafood,41888,2399.58,216.6,delivered
LOAD-00354,CUST-05,RTE-06,2025-05-22,Refrigerated - Backhaul Mixed,21304,457.05,44.81,delivered
LOAD-00355,CUST-04,RTE-04,2025-05-27,Refrigerated - Mixed,42281,2149.15,169.66,delivered
LOAD-00356,CUST-06,RTE-06,2025-05-29,Refrigerated - Backhaul Mixed,24534,482.81,51.4,delivered
LOAD-00357,CUST-01,RTE-01,2025-05-28,Refrigerated - Produce,38558,718.0,41.06,delivered
LOAD-00358,CUST-06,RTE-07,2025-05-29,Refrigerated - Backhaul Mixed,20629,1213.51,101.56,delivered
LOAD-00359,CUST-03,RTE-03,2025-06-02,Refrigerated - Produce,41528,2536.68,139.7,delivered
LOAD-00360,CUST-06,RTE-07,2025-06-03,Refrigerated - Backhaul Mixed,16006,1299.68,103.4,delivered
LOAD-00361,CUST-04,RTE-04,2025-05-29,Refrigerated - Mixed,40028,2088.34,201.84,delivered
LOAD-00362,CUST-04,RTE-04,2025-06-07,Refrigerated - Mixed,42000,2082.87,133.37,delivered
LOAD-00363,CUST-03,RTE-03,2025-06-04,Refrigerated - Produce,42698,2400.63,155.68,delivered
LOAD-00364,CUST-06,RTE-07,2025-06-05,Refrigerated - Backhaul Mixed,29432,1270.07,124.58,delivered
LOAD-00365,CUST-04,RTE-04,2025-06-09,Refrigerated - Mixed,38490,2198.91,209.78,delivered
LOAD-00366,CUST-06,RTE-05,2025-06-10,Refrigerated - Backhaul Mixed,15453,1223.21,93.72,delivered
LOAD-00367,CUST-02,RTE-02,2025-06-08,Refrigerated - Seafood,43918,2342.39,121.94,delivered
LOAD-00368,CUST-05,RTE-05,2025-06-10,Refrigerated - Backhaul Mixed,16976,1180.67,141.36,delivered
LOAD-00369,CUST-02,RTE-02,2025-06-06,Refrigerated - Seafood,40249,2238.84,137.49,delivered
LOAD-00370,CUST-06,RTE-07,2025-06-07,Refrigerated - Backhaul Mixed,29831,1316.8,82.2,delivered
LOAD-00371,CUST-04,RTE-04,2025-06-04,Refrigerated - Mixed,41219,2095.39,232.04,delivered
LOAD-00372,CUST-06,RTE-06,2025-06-05,Refrigerated - Backhaul Mixed,28506,561.32,54.61,delivered
LOAD-00373,CUST-04,RTE-04,2025-06-15,Refrigerated - Mixed,41282,2171.69,138.04,delivered
LOAD-00374,CUST-06,RTE-07,2025-06-17,Refrigerated - Backhaul Mixed,21791,1309.99,96.49,delivered
LOAD-00375,CUST-03,RTE-03,2025-06-11,Refrigerated - Produce,41285,2496.4,140.25,delivered
LOAD-00376,CUST-06,RTE-06,2025-06-12,Refrigerated - Backhaul Mixed,22066,544.22,41.46,delivered
LOAD-00377,CUST-03,RTE-03,2025-06-11,Refrigerated - Produce,38702,2470.41,197.67,delivered
LOAD-00378,CUST-01,RTE-01,2025-06-14,Refrigerated - Produce,41120,711.72,58.68,delivered
LOAD-00379,CUST-03,RTE-03,2025-06-17,Refrigerated - Produce,40133,2498.37,171.95,delivered
LOAD-00380,CUST-02,RTE-02,2025-06-23,Refrigerated - Seafood,43215,2324.03,224.97,delivered
LOAD-00381,CUST-06,RTE-06,2025-06-24,Refrigerated - Backhaul Mixed,29202,510.95,55.38,delivered
LOAD-00382,CUST-02,RTE-02,2025-06-21,Refrigerated - Seafood,44293,2295.2,125.99,delivered
LOAD-00383,CUST-06,RTE-06,2025-06-22,Refrigerated - Backhaul Mixed,24735,505.84,58.66,delivered
LOAD-00384,CUST-01,RTE-01,2025-06-23,Refrigerated - Produce,42933,760.96,60.34,delivered
LOAD-00385,CUST-05,RTE-07,2025-06-25,Refrigerated - Backhaul Mixed,22083,1098.21,120.01,delivered
LOAD-00386,CUST-04,RTE-04,2025-06-27,Refrigerated - Mixed,41797,2039.38,183.87,delivered
LOAD-00387,CUST-06,RTE-05,2025-06-28,Refrigerated - Backhaul Mixed,19841,1425.95,124.13,delivered
LOAD-00388,CUST-01,RTE-01,2025-06-28,Refrigerated - Produce,39470,718.96,64.8,delivered
LOAD-00389,CUST-05,RTE-05,2025-06-30,Refrigerated - Backhaul Mixed,24896,1205.26,142.38,delivered
LOAD-00390,CUST-02,RTE-02,2025-06-24,Refrigerated - Seafood,38130,2236.94,139.32,delivered
LOAD-00391,CUST-05,RTE-05,2025-06-26,Refrigerated - Backhaul Mixed,22947,1391.41,117.79,delivered
LOAD-00392,CUST-03,RTE-03,2025-06-29,Refrigerated - Produce,42205,2350.53,167.96,delivered
LOAD-00393,CUST-04,RTE-04,2025-07-04,Refrigerated - Mixed,39574,2025.7,156.49,delivered
LOAD-00394,CUST-06,RTE-07,2025-07-05,Refrigerated - Backhaul Mixed,28836,1308.88,144.88,delivered
LOAD-00395,CUST-01,RTE-01,2025-07-02,Refrigerated - Produce,40136,778.0,52.99,delivered
LOAD-00396,CUST-06,RTE-07,2025-07-03,Refrigerated - Backhaul Mixed,29314,1340.18,149.2,delivered
LOAD-00397,CUST-01,RTE-01,2025-07-01,Refrigerated - Produce,38967,745.19,45.51,delivered
LOAD-00398,CUST-05,RTE-06,2025-07-03,Refrigerated - Backhaul Mixed,20592,478.45,54.27,delivered
LOAD-00399,CUST-04,RTE-04,2025-07-02,Refrigerated - Mixed,41758,2100.12,171.23,delivered
LOAD-00400,CUST-05,RTE-07,2025-07-04,Refrigerated - Backhaul Mixed,25348,1342.11,85.15,delivered
LOAD-00401,CUST-02,RTE-02,2025-07-06,Refrigerated - Seafood,43064,2392.77,190.05,delivered
LOAD-00402,CUST-05,RTE-05,2025-07-07,Refrigerated - Backhaul Mixed,19238,1442.35,125.5,delivered
LOAD-00403,CUST-01,RTE-01,2025-07-05,Refrigerated - Produce,44109,741.58,77.34,delivered
LOAD-00404,CUST-05,RTE-06,2025-07-07,Refrigerated - Backhaul Mixed,17130,458.36,42.75,delivered
LOAD-00405,CUST-04,RTE-04,2025-07-13,Refrigerated - Mixed,39334,2160.45,172.16,delivered
LOAD-00406,CUST-04,RTE-04,2025-07-08,Refrigerated - Mixed,40372,2042.67,166.4,delivered
LOAD-00407,CUST-06,RTE-07,2025-07-09,Refrigerated - Backhaul Mixed,16106,1061.24,124.58,delivered
LOAD-00408,CUST-04,RTE-04,2025-07-11,Refrigerated - Mixed,38731,2050.0,209.94,delivered
LOAD-00409,CUST-05,RTE-05,2025-07-12,Refrigerated - Backhaul Mixed,24451,1207.73,131.92,delivered
LOAD-00410,CUST-04,RTE-04,2025-07-12,Refrigerated - Mixed,40624,2037.8,186.33,delivered
LOAD-00411,CUST-05,RTE-05,2025-07-13,Refrigerated - Backhaul Mixed,27587,1238.97,96.39,delivered
LOAD-00412,CUST-04,RTE-04,2025-07-10,Refrigerated - Mixed,38424,2200.23,230.79,delivered
LOAD-00413,CUST-06,RTE-05,2025-07-12,Refrigerated - Backhaul Mixed,15305,1356.03,155.97,delivered
LOAD-00414,CUST-03,RTE-03,2025-07-09,Refrigerated - Produce,40008,2461.08,140.18,delivered
LOAD-00415,CUST-05,RTE-06,2025-07-10,Refrigerated - Backhaul Mixed,15745,523.05,45.31,delivered
LOAD-00416,CUST-03,RTE-03,2025-07-20,Refrigerated - Produce,43797,2481.88,237.56,delivered
LOAD-00417,CUST-06,RTE-07,2025-07-21,Refrigerated - Backhaul Mixed,27899,1298.43,123.82,delivered
LOAD-00418,CUST-02,RTE-02,2025-07-17,Refrigerated - Seafood,38162,2301.03,142.92,delivered
LOAD-00419,CUST-05,RTE-05,2025-07-19,Refrigerated - Backhaul Mixed,16817,1473.93,133.53,delivered
LOAD-00420,CUST-02,RTE-02,2025-07-19,Refrigerated - Seafood,40247,2391.41,202.28,delivered
LOAD-00421,CUST-06,RTE-05,2025-07-20,Refrigerated - Backhaul Mixed,15712,1309.64,123.66,delivered
LOAD-00422,CUST-01,RTE-01,2025-07-18,Refrigerated - Produce,40697,772.51,46.68,delivered
LOAD-00423,CUST-06,RTE-05,2025-07-19,Refrigerated - Backhaul Mixed,23514,1422.92,148.46,delivered
LOAD-00424,CUST-01,RTE-01,2025-07-16,Refrigerated - Produce,40469,772.66,56.23,delivered
LOAD-00425,CUST-05,RTE-07,2025-07-17,Refrigerated - Backhaul Mixed,22014,1202.02,117.87,delivered
LOAD-00426,CUST-03,RTE-03,2025-07-16,Refrigerated - Produce,43086,2420.44,177.77,delivered
LOAD-00427,CUST-06,RTE-06,2025-07-17,Refrigerated - Backhaul Mixed,25775,573.6,45.53,delivered
LOAD-00428,CUST-03,RTE-03,2025-07-28,Refrigerated - Produce,39329,2477.7,170.24,delivered
LOAD-00429,CUST-06,RTE-06,2025-07-30,Refrigerated - Backhaul Mixed,15110,473.2,35.53,delivered
LOAD-00430,CUST-03,RTE-03,2025-07-23,Refrigerated - Produce,42542,2500.26,160.78,delivered
LOAD-00431,CUST-06,RTE-05,2025-07-24,Refrigerated - Backhaul Mixed,21100,1296.41,111.63,delivered
LOAD-00432,CUST-02,RTE-02,2025-07-27,Refrigerated - Seafood,42811,2399.69,206.28,delivered
LOAD-00433,CUST-05,RTE-05,2025-07-29,Refrigerated - Backhaul Mixed,25568,1314.03,142.73,delivered
LOAD-00434,CUST-02,RTE-02,2025-07-25,Refrigerated - Seafood,42510,2402.69,160.77,delivered
LOAD-00435,CUST-06,RTE-06,2025-07-26,Refrigerated - Backhaul Mixed,22236,482.08,30.74,delivered
LOAD-00436,CUST-02,RTE-02,2025-07-26,Refrigerated - Seafood,40048,2278.08,195.99,delivered
LOAD-00437,CUST-05,RTE-06,2025-07-27,Refrigerated - Backhaul Mixed,26851,559.84,36.83,delivered
LOAD-00438,CUST-02,RTE-02,2025-07-23,Refrigerated - Seafood,42094,2272.24,203.32,delivered
LOAD-00439,CUST-06,RTE-07,2025-07-24,Refrigerated - Backhaul Mixed,21400,1366.34,96.94,delivered
LOAD-00440,CUST-02,RTE-02,2025-07-30,Refrigerated - Seafood,40325,2223.35,229.67,delivered
LOAD-00441,CUST-06,RTE-06,2025-07-31,Refrigerated - Backhaul Mixed,29804,543.79,41.67,delivered
LOAD-00442,CUST-01,RTE-01,2025-07-30,Refrigerated - Produce,41270,777.46,56.38,delivered
LOAD-00443,CUST-06,RTE-06,2025-08-01,Refrigerated - Backhaul Mixed,17869,526.71,54.3,delivered
LOAD-00444,CUST-03,RTE-03,2025-08-03,Refrigerated - Produce,43951,2488.8,128.01,delivered
LOAD-00445,CUST-06,RTE-05,2025-08-05,Refrigerated - Backhaul Mixed,26069,1152.02,133.57,delivered
LOAD-00446,CUST-02,RTE-02,2025-08-02,Refrigerated - Seafood,41856,2356.74,168.21,delivered
LOAD-00447,CUST-06,RTE-05,2025-08-03,Refrigerated - Backhaul Mixed,15564,1263.42,99.16,delivered
LOAD-00448,CUST-01,RTE-01,2025-08-10,Refrigerated - Produce,43440,726.07,73.41,delivered
LOAD-00449,CUST-05,RTE-06,2025-08-11,Refrigerated - Backhaul Mixed,20298,476.75,33.18,delivered
LOAD-00450,CUST-04,RTE-04,2025-08-11,Refrigerated - Mixed,42392,2208.1,133.87,delivered
LOAD-00451,CUST-04,RTE-04,2025-08-10,Refrigerated - Mixed,42792,2034.56,123.64,delivered
LOAD-00452,CUST-05,RTE-05,2025-08-11,Refrigerated - Backhaul Mixed,18309,1189.28,122.15,delivered
LOAD-00453,CUST-01,RTE-01,2025-08-10,Refrigerated - Produce,43308,746.1,77.13,delivered
LOAD-00454,CUST-05,RTE-06,2025-08-12,Refrigerated - Backhaul Mixed,29251,504.31,30.18,delivered
LOAD-00455,CUST-04,RTE-04,2025-08-17,Refrigerated - Mixed,40006,2080.79,209.18,delivered
LOAD-00456,CUST-06,RTE-06,2025-08-18,Refrigerated - Backhaul Mixed,27457,512.57,52.05,delivered
LOAD-00457,CUST-04,RTE-04,2025-08-14,Refrigerated - Mixed,41073,2109.64,176.61,delivered
LOAD-00458,CUST-03,RTE-03,2025-08-17,Refrigerated - Produce,42819,2426.73,156.94,delivered
LOAD-00459,CUST-06,RTE-07,2025-08-18,Refrigerated - Backhaul Mixed,21947,1277.84,132.9,delivered
LOAD-00460,CUST-02,RTE-02,2025-08-18,Refrigerated - Seafood,43278,2211.51,207.2,delivered
LOAD-00461,CUST-06,RTE-06,2025-08-19,Refrigerated - Backhaul Mixed,26921,542.58,52.57,delivered
LOAD-00462,CUST-04,RTE-04,2025-08-18,Refrigerated - Mixed,44005,2121.26,201.02,delivered
LOAD-00463,CUST-05,RTE-05,2025-08-20,Refrigerated - Backhaul Mixed,18143,1395.15,147.45,delivered
LOAD-00464,CUST-01,RTE-01,2025-08-12,Refrigerated - Produce,43450,729.1,76.25,delivered
LOAD-00465,CUST-06,RTE-06,2025-08-14,Refrigerated - Backhaul Mixed,20918,577.43,54.51,delivered
LOAD-00466,CUST-04,RTE-04,2025-08-21,Refrigerated - Mixed,41892,2138.96,201.55,delivered
LOAD-00467,CUST-06,RTE-06,2025-08-23,Refrigerated - Backhaul Mixed,20707,543.27,53.82,delivered
LOAD-00468,CUST-01,RTE-01,2025-08-25,Refrigerated - Produce,42495,731.46,65.25,delivered
LOAD-00469,CUST-05,RTE-07,2025-08-27,Refrigerated - Backhaul Mixed,29788,1110.57,155.28,delivered
LOAD-00470,CUST-01,RTE-01,2025-08-20,Refrigerated - Produce,43877,754.31,53.7,delivered
LOAD-00471,CUST-06,RTE-05,2025-08-21,Refrigerated - Backhaul Mixed,21229,1185.87,107.04,delivered
LOAD-00472,CUST-04,RTE-04,2025-08-19,Refrigerated - Mixed,40431,2081.64,220.66,delivered
LOAD-00473,CUST-06,RTE-07,2025-08-21,Refrigerated - Backhaul Mixed,19775,1257.44,97.86,delivered
LOAD-00474,CUST-04,RTE-04,2025-08-31,Refrigerated - Mixed,39304,2078.45,220.52,delivered
LOAD-00475,CUST-05,RTE-06,2025-09-01,Refrigerated - Backhaul Mixed,22496,557.79,51.29,delivered
LOAD-00476,CUST-02,RTE-02,2025-09-01,Refrigerated - Seafood,43566,2286.94,231.98,delivered
LOAD-00477,CUST-06,RTE-07,2025-09-03,Refrigerated - Backhaul Mixed,21498,1137.01,90.06,delivered
LOAD-00478,CUST-03,RTE-03,2025-08-29,Refrigerated - Produce,38999,2344.95,134.0,delivered
LOAD-00479,CUST-06,RTE-05,2025-08-30,Refrigerated - Backhaul Mixed,28028,1164.38,155.57,delivered
LOAD-00480,CUST-02,RTE-02,2025-09-01,Refrigerated - Seafood,39480,2408.94,222.02,delivered
LOAD-00481,CUST-06,RTE-05,2025-09-02,Refrigerated - Backhaul Mixed,21931,1265.26,125.87,delivered
LOAD-00482,CUST-01,RTE-01,2025-09-01,Refrigerated - Produce,40455,727.17,46.33,delivered
LOAD-00483,CUST-05,RTE-06,2025-09-02,Refrigerated - Backhaul Mixed,26378,570.25,50.3,delivered
LOAD-00484,CUST-02,RTE-02,2025-08-26,Refrigerated - Seafood,38901,2225.01,131.58,delivered
LOAD-00485,CUST-01,RTE-01,2025-09-02,Refrigerated - Produce,40511,723.08,67.4,delivered
LOAD-00486,CUST-06,RTE-07,2025-09-03,Refrigerated - Backhaul Mixed,15155,1209.34,90.77,delivered
LOAD-00487,CUST-02,RTE-02,2025-09-05,Refrigerated - Seafood,41839,2299.86,158.42,delivered
LOAD-00488,CUST-05,RTE-05,2025-09-07,Refrigerated - Backhaul Mixed,27180,1198.55,86.18,delivered
LOAD-00489,CUST-01,RTE-01,2025-09-07,Refrigerated - Produce,44110,738.4,63.04,delivered
LOAD-00490,CUST-05,RTE-07,2025-09-09,Refrigerated - Backhaul Mixed,17184,1115.12,110.05,delivered
LOAD-00491,CUST-01,RTE-01,2025-09-04,Refrigerated - Produce,41999,773.74,73.81,delivered
LOAD-00492,CUST-06,RTE-05,2025-09-06,Refrigerated - Backhaul Mixed,17549,1184.67,121.22,delivered
LOAD-00493,CUST-02,RTE-02,2025-09-03,Refrigerated - Seafood,40942,2282.22,167.77,delivered
LOAD-00494,CUST-06,RTE-06,2025-09-05,Refrigerated - Backhaul Mixed,28812,512.12,57.71,delivered
LOAD-00495,CUST-01,RTE-01,2025-09-05,Refrigerated - Produce,41980,740.33,50.29,delivered
LOAD-00496,CUST-05,RTE-05,2025-09-06,Refrigerated - Backhaul Mixed,25304,1206.47,151.17,delivered
LOAD-00497,CUST-03,RTE-03,2025-09-12,Refrigerated - Produce,39816,2496.15,237.61,delivered
LOAD-00498,CUST-06,RTE-05,2025-09-13,Refrigerated - Backhaul Mixed,29884,1214.3,119.97,delivered
LOAD-00499,CUST-03,RTE-03,2025-09-15,Refrigerated - Produce,42953,2505.55,190.67,delivered
LOAD-00500,CUST-05,RTE-05,2025-09-17,Refrigerated - Backhaul Mixed,16226,1379.94,156.93,delivered
LOAD-00501,CUST-03,RTE-03,2025-09-13,Refrigerated - Produce,43876,2538.92,173.82,delivered
LOAD-00502,CUST-06,RTE-07,2025-09-14,Refrigerated - Backhaul Mixed,23412,1215.0,123.36,delivered
LOAD-00503,CUST-01,RTE-01,2025-09-14,Refrigerated - Produce,41730,769.99,69.84,delivered
LOAD-00504,CUST-02,RTE-02,2025-09-11,Refrigerated - Seafood,43262,2264.96,209.5,delivered
LOAD-00505,CUST-06,RTE-05,2025-09-13,Refrigerated - Backhaul Mixed,17895,1216.76,160.17,delivered
LOAD-00506,CUST-04,RTE-04,2025-09-14,Refrigerated - Mixed,43949,2051.26,149.65,delivered
LOAD-00507,CUST-06,RTE-05,2025-09-15,Refrigerated - Backhaul Mixed,21458,1197.81,95.99,delivered
LOAD-00508,CUST-01,RTE-01,2025-09-16,Refrigerated - Produce,43279,766.48,68.77,delivered
LOAD-00509,CUST-05,RTE-07,2025-09-18,Refrigerated - Backhaul Mixed,24221,1123.7,119.17,delivered
LOAD-00510,CUST-04,RTE-04,2025-09-22,Refrigerated - Mixed,38196,2048.64,232.33,delivered
LOAD-00511,CUST-03,RTE-03,2025-09-18,Refrigerated - Produce,40953,2359.15,160.05,delivered
LOAD-00512,CUST-06,RTE-06,2025-09-19,Refrigerated - Backhaul Mixed,26654,568.69,54.32,delivered
LOAD-00513,CUST-03,RTE-03,2025-09-19,Refrigerated - Produce,39044,2374.17,158.77,delivered
LOAD-00514,CUST-06,RTE-05,2025-09-20,Refrigerated - Backhaul Mixed,23633,1171.15,139.77,delivered
LOAD-00515,CUST-02,RTE-02,2025-09-18,Refrigerated - Seafood,42517,2269.99,133.86,delivered
LOAD-00516,CUST-05,RTE-07,2025-09-19,Refrigerated - Backhaul Mixed,16294,1070.0,109.9,delivered
LOAD-00517,CUST-04,RTE-04,2025-09-18,Refrigerated - Mixed,40349,2169.87,205.97,delivered
LOAD-00518,CUST-01,RTE-01,2025-09-26,Refrigerated - Produce,44111,725.96,46.16,delivered
LOAD-00519,CUST-05,RTE-05,2025-09-27,Refrigerated - Backhaul Mixed,20496,1264.97,144.97,delivered
LOAD-00520,CUST-01,RTE-01,2025-09-27,Refrigerated - Produce,38374,748.96,69.82,delivered
LOAD-00521,CUST-05,RTE-05,2025-09-28,Refrigerated - Backhaul Mixed,23250,1254.42,154.57,delivered
LOAD-00522,CUST-02,RTE-02,2025-09-23,Refrigerated - Seafood,43359,2392.11,211.47,delivered
LOAD-00523,CUST-05,RTE-06,2025-09-24,Refrigerated - Backhaul Mixed,16228,473.66,48.31,delivered
LOAD-00524,CUST-01,RTE-01,2025-09-24,Refrigerated - Produce,38730,730.04,53.17,delivered
LOAD-00525,CUST-06,RTE-05,2025-09-25,Refrigerated - Backhaul Mixed,29041,1431.82,114.18,delivered
LOAD-00526,CUST-01,RTE-01,2025-10-05,Refrigerated - Produce,41078,721.67,43.11,delivered
LOAD-00527,CUST-05,RTE-05,2025-10-07,Refrigerated - Backhaul Mixed,21503,1389.05,156.27,delivered
LOAD-00528,CUST-02,RTE-02,2025-10-01,Refrigerated - Seafood,42924,2275.27,120.66,delivered
LOAD-00529,CUST-05,RTE-05,2025-10-03,Refrigerated - Backhaul Mixed,19887,1166.32,114.51,delivered
LOAD-00530,CUST-02,RTE-02,2025-10-04,Refrigerated - Seafood,43676,2408.92,168.1,delivered
LOAD-00531,CUST-05,RTE-05,2025-10-06,Refrigerated - Backhaul Mixed,23182,1444.43,157.61,delivered
LOAD-00532,CUST-02,RTE-02,2025-10-01,Refrigerated - Seafood,39360,2295.97,180.89,delivered
LOAD-00533,CUST-06,RTE-05,2025-10-03,Refrigerated - Backhaul Mixed,21723,1361.19,118.66,delivered
LOAD-00534,CUST-04,RTE-04,2025-10-13,Refrigerated - Mixed,38812,2141.95,206.8,delivered
LOAD-00535,CUST-06,RTE-05,2025-10-15,Refrigerated - Backhaul Mixed,27728,1429.37,98.77,delivered
LOAD-00536,CUST-02,RTE-02,2025-10-13,Refrigerated - Seafood,43395,2314.07,148.31,delivered
LOAD-00537,CUST-06,RTE-07,2025-10-14,Refrigerated - Backhaul Mixed,22045,1165.11,157.71,delivered
LOAD-00538,CUST-02,RTE-02,2025-10-11,Refrigerated - Seafood,39034,2299.54,128.65,delivered
LOAD-00539,CUST-06,RTE-05,2025-10-13,Refrigerated - Backhaul Mixed,22433,1151.54,141.33,delivered
LOAD-00540,CUST-02,RTE-02,2025-10-09,Refrigerated - Seafood,40960,2228.17,174.83,delivered
LOAD-00541,CUST-06,RTE-05,2025-10-10,Refrigerated - Backhaul Mixed,24294,1146.45,96.06,delivered
LOAD-00542,CUST-02,RTE-02,2025-10-11,Refrigerated - Seafood,39777,2253.75,159.69,delivered
LOAD-00543,CUST-06,RTE-07,2025-10-13,Refrigerated - Backhaul Mixed,18242,1348.3,100.63,delivered
LOAD-00544,CUST-04,RTE-04,2025-10-11,Refrigerated - Mixed,41063,2103.13,190.41,delivered
LOAD-00545,CUST-06,RTE-06,2025-10-13,Refrigerated - Backhaul Mixed,15157,465.29,39.43,delivered
LOAD-00546,CUST-04,RTE-04,2025-10-18,Refrigerated - Mixed,40622,2151.05,174.38,delivered
LOAD-00547,CUST-05,RTE-07,2025-10-19,Refrigerated - Backhaul Mixed,29026,1149.5,132.32,delivered
LOAD-00548,CUST-03,RTE-03,2025-10-16,Refrigerated - Produce,42558,2507.91,168.04,delivered
LOAD-00549,CUST-05,RTE-05,2025-10-18,Refrigerated - Backhaul Mixed,26866,1477.05,151.7,delivered
LOAD-00550,CUST-01,RTE-01,2025-10-16,Refrigerated - Produce,44485,728.95,65.83,delivered
LOAD-00551,CUST-04,RTE-04,2025-10-19,Refrigerated - Mixed,39970,2148.42,184.89,delivered
LOAD-00552,CUST-05,RTE-07,2025-10-20,Refrigerated - Backhaul Mixed,23103,1277.37,86.55,delivered
LOAD-00553,CUST-03,RTE-03,2025-10-27,Refrigerated - Produce,42132,2497.99,198.63,delivered
LOAD-00554,CUST-06,RTE-05,2025-10-28,Refrigerated - Backhaul Mixed,18941,1437.6,142.22,delivered
LOAD-00555,CUST-04,RTE-04,2025-10-22,Refrigerated - Mixed,38435,2116.95,183.21,delivered
LOAD-00556,CUST-05,RTE-05,2025-10-24,Refrigerated - Backhaul Mixed,24424,1181.76,154.45,delivered
LOAD-00557,CUST-03,RTE-03,2025-10-26,Refrigerated - Produce,39667,2451.14,140.52,delivered
LOAD-00558,CUST-06,RTE-06,2025-10-27,Refrigerated - Backhaul Mixed,19322,490.09,35.33,delivered
LOAD-00559,CUST-03,RTE-03,2025-10-25,Refrigerated - Produce,39370,2525.84,183.03,delivered
LOAD-00560,CUST-06,RTE-07,2025-10-26,Refrigerated - Backhaul Mixed,26931,1095.76,135.71,delivered
LOAD-00561,CUST-02,RTE-02,2025-10-21,Refrigerated - Seafood,38884,2399.62,161.2,delivered
LOAD-00562,CUST-06,RTE-06,2025-10-22,Refrigerated - Backhaul Mixed,23174,484.1,59.08,delivered
LOAD-00563,CUST-01,RTE-01,2025-10-23,Refrigerated - Produce,41525,714.91,50.93,delivered
LOAD-00564,CUST-05,RTE-07,2025-10-24,Refrigerated - Backhaul Mixed,19764,1195.36,154.42,delivered
LOAD-00565,CUST-04,RTE-04,2025-10-29,Refrigerated - Mixed,42736,2150.44,160.68,delivered
LOAD-00566,CUST-06,RTE-07,2025-10-31,Refrigerated - Backhaul Mixed,21889,1206.69,114.93,delivered
LOAD-00567,CUST-03,RTE-03,2025-11-01,Refrigerated - Produce,39031,2354.16,221.41,delivered
LOAD-00568,CUST-05,RTE-05,2025-11-02,Refrigerated - Backhaul Mixed,27113,1391.98,136.46,delivered
LOAD-00569,CUST-04,RTE-04,2025-10-28,Refrigerated - Mixed,38550,2139.97,145.89,delivered
LOAD-00570,CUST-06,RTE-07,2025-10-29,Refrigerated - Backhaul Mixed,29078,1316.9,135.35,delivered
LOAD-00571,CUST-03,RTE-03,2025-10-31,Refrigerated - Produce,42823,2405.96,132.0,delivered
LOAD-00572,CUST-05,RTE-06,2025-11-02,Refrigerated - Backhaul Mixed,17282,565.44,40.64,delivered
LOAD-00573,CUST-02,RTE-02,2025-10-29,Refrigerated - Seafood,40779,2281.83,201.15,delivered
LOAD-00574,CUST-06,RTE-05,2025-10-31,Refrigerated - Backhaul Mixed,24576,1341.0,128.83,delivered
LOAD-00575,CUST-02,RTE-02,2025-11-02,Refrigerated - Seafood,43965,2230.79,220.05,delivered
LOAD-00576,CUST-06,RTE-06,2025-11-03,Refrigerated - Backhaul Mixed,24117,463.73,49.12,delivered
LOAD-00577,CUST-01,RTE-01,2025-11-05,Refrigerated - Produce,40945,765.38,73.84,delivered
LOAD-00578,CUST-05,RTE-07,2025-11-07,Refrigerated - Backhaul Mixed,25247,1310.64,115.83,delivered
LOAD-00579,CUST-03,RTE-03,2025-11-06,Refrigerated - Produce,39293,2428.14,162.95,delivered
LOAD-00580,CUST-05,RTE-05,2025-11-07,Refrigerated - Backhaul Mixed,20400,1211.7,148.07,delivered
LOAD-00581,CUST-03,RTE-03,2025-11-16,Refrigerated - Produce,39865,2437.16,156.41,delivered
LOAD-00582,CUST-06,RTE-05,2025-11-17,Refrigerated - Backhaul Mixed,15949,1261.3,109.46,delivered
LOAD-00583,CUST-02,RTE-02,2025-11-16,Refrigerated - Seafood,39038,2377.25,125.96,delivered
LOAD-00584,CUST-03,RTE-03,2025-11-21,Refrigerated - Produce,41633,2539.52,223.05,delivered
LOAD-00585,CUST-05,RTE-05,2025-11-22,Refrigerated - Backhaul Mixed,19996,1425.91,123.96,delivered
LOAD-00586,CUST-01,RTE-01,2025-11-24,Refrigerated - Produce,41145,715.34,72.33,delivered
LOAD-00587,CUST-05,RTE-06,2025-11-26,Refrigerated - Backhaul Mixed,20508,565.69,52.63,delivered
LOAD-00588,CUST-04,RTE-04,2025-12-01,Refrigerated - Mixed,44299,2102.09,208.89,delivered
LOAD-00589,CUST-06,RTE-05,2025-12-03,Refrigerated - Backhaul Mixed,25085,1256.51,113.66,delivered
LOAD-00590,CUST-04,RTE-04,2025-11-27,Refrigerated - Mixed,41347,2142.64,189.13,delivered
LOAD-00591,CUST-02,RTE-02,2025-11-25,Refrigerated - Seafood,42750,2350.7,217.69,delivered
LOAD-00592,CUST-06,RTE-05,2025-11-27,Refrigerated - Backhaul Mixed,26157,1334.79,149.07,delivered
LOAD-00593,CUST-01,RTE-01,2025-11-27,Refrigerated - Produce,39229,722.05,40.74,delivered
LOAD-00594,CUST-05,RTE-06,2025-11-29,Refrigerated - Backhaul Mixed,18679,571.62,58.76,delivered
LOAD-00595,CUST-03,RTE-03,2025-12-03,Refrigerated - Produce,38945,2393.1,157.78,delivered
LOAD-00596,CUST-05,RTE-05,2025-12-04,Refrigerated - Backhaul Mixed,24580,1404.07,114.72,delivered
LOAD-00597,CUST-02,RTE-02,2025-12-08,Refrigerated - Seafood,38127,2395.31,219.54,delivered
LOAD-00598,CUST-04,RTE-04,2025-12-05,Refrigerated - Mixed,42562,2088.93,170.38,delivered
LOAD-00599,CUST-06,RTE-06,2025-12-07,Refrigerated - Backhaul Mixed,22138,529.05,52.22,delivered
LOAD-00600,CUST-03,RTE-03,2025-12-06,Refrigerated - Produce,40435,2549.87,131.63,delivered
LOAD-00601,CUST-06,RTE-07,2025-12-08,Refrigerated - Backhaul Mixed,16629,1239.99,130.05,delivered
LOAD-00602,CUST-02,RTE-02,2025-12-09,Refrigerated - Seafood,39383,2323.31,176.52,delivered
LOAD-00603,CUST-06,RTE-06,2025-12-10,Refrigerated - Backhaul Mixed,28840,566.74,51.49,delivered
LOAD-00604,CUST-02,RTE-02,2025-12-11,Refrigerated - Seafood,43166,2313.97,149.3,delivered
LOAD-00605,CUST-05,RTE-07,2025-12-12,Refrigerated - Backhaul Mixed,19029,1356.67,131.0,delivered
LOAD-00606,CUST-04,RTE-04,2025-12-16,Refrigerated - Mixed,39708,2034.51,189.27,delivered
LOAD-00607,CUST-06,RTE-07,2025-12-17,Refrigerated - Backhaul Mixed,19840,1247.08,124.24,delivered
LOAD-00608,CUST-02,RTE-02,2025-12-21,Refrigerated - Seafood,42007,2369.18,173.6,delivered
LOAD-00609,CUST-02,RTE-02,2025-12-26,Refrigerated - Seafood,40527,2279.34,212.77,delivered
LOAD-00610,CUST-05,RTE-07,2025-12-28,Refrigerated - Backhaul Mixed,17572,1173.54,96.47,delivered
LOAD-00611,CUST-01,RTE-01,2025-12-27,Refrigerated - Produce,38346,744.8,69.86,delivered
LOAD-00612,CUST-01,RTE-01,2025-12-23,Refrigerated - Produce,44001,745.01,66.44,delivered
LOAD-00613,CUST-06,RTE-05,2025-12-25,Refrigerated - Backhaul Mixed,19329,1235.17,98.02,delivered
LOAD-00614,CUST-01,RTE-01,2025-12-25,Refrigerated - Produce,38203,741.52,61.54,delivered
LOAD-00615,CUST-05,RTE-06,2025-12-27,Refrigerated - Backhaul Mixed,28730,457.26,42.1,delivered
LOAD-00616,CUST-02,RTE-02,2026-01-01,Refrigerated - Seafood,42469,2365.32,209.98,delivered
LOAD-00617,CUST-05,RTE-07,2026-01-02,Refrigerated - Backhaul Mixed,16862,1112.43,115.73,delivered
LOAD-00618,CUST-03,RTE-03,2026-01-01,Refrigerated - Produce,40377,2466.21,139.91,delivered
LOAD-00619,CUST-06,RTE-07,2026-01-03,Refrigerated - Backhaul Mixed,17463,1063.65,114.01,delivered
LOAD-00620,CUST-01,RTE-01,2026-01-08,Refrigerated - Produce,41491,773.24,49.71,delivered
LOAD-00621,CUST-05,RTE-07,2026-01-10,Refrigerated - Backhaul Mixed,25564,1100.11,122.55,delivered
LOAD-00622,CUST-02,RTE-02,2026-01-06,Refrigerated - Seafood,43446,2314.93,168.44,delivered
LOAD-00623,CUST-06,RTE-07,2026-01-08,Refrigerated - Backhaul Mixed,24183,1282.48,148.11,delivered
LOAD-00624,CUST-02,RTE-02,2026-01-17,Refrigerated - Seafood,44124,2288.16,137.94,delivered
LOAD-00625,CUST-05,RTE-06,2026-01-18,Refrigerated - Backhaul Mixed,19492,576.94,51.13,delivered
LOAD-00626,CUST-02,RTE-02,2026-01-18,Refrigerated - Seafood,41437,2389.32,132.4,delivered
LOAD-00627,CUST-03,RTE-03,2026-01-24,Refrigerated - Produce,41302,2455.79,232.87,delivered
LOAD-00628,CUST-05,RTE-07,2026-01-26,Refrigerated - Backhaul Mixed,16928,1157.65,125.63,delivered
LOAD-00629,CUST-02,RTE-02,2026-01-20,Refrigerated - Seafood,41068,2372.3,142.45,delivered
LOAD-00630,CUST-05,RTE-06,2026-01-21,Refrigerated - Backhaul Mixed,18264,555.88,38.18,delivered
LOAD-00631,CUST-04,RTE-04,2026-01-27,Refrigerated - Mixed,43752,2051.27,190.6,delivered
LOAD-00632,CUST-06,RTE-07,2026-01-28,Refrigerated - Backhaul Mixed,24640,1176.72,110.92,delivered
LOAD-00633,CUST-02,RTE-02,2026-01-30,Refrigerated - Seafood,43051,2364.7,168.36,delivered
LOAD-00634,CUST-06,RTE-06,2026-02-01,Refrigerated - Backhaul Mixed,17726,524.09,34.92,delivered
LOAD-00635,CUST-04,RTE-04,2026-02-06,Refrigerated - Mixed,39208,2053.1,121.6,delivered
LOAD-00636,CUST-06,RTE-05,2026-02-07,Refrigerated - Backhaul Mixed,21456,1176.63,126.31,delivered
LOAD-00637,CUST-04,RTE-04,2026-02-05,Refrigerated - Mixed,40841,2134.9,186.39,delivered
LOAD-00638,CUST-05,RTE-05,2026-02-07,Refrigerated - Backhaul Mixed,19946,1311.11,85.11,delivered
LOAD-00639,CUST-01,RTE-01,2026-02-07,Refrigerated - Produce,43620,742.37,42.22,delivered
LOAD-00640,CUST-06,RTE-06,2026-02-09,Refrigerated - Backhaul Mixed,28223,543.65,33.48,delivered
LOAD-00641,CUST-01,RTE-01,2026-02-09,Refrigerated - Produce,43796,721.39,52.15,delivered
LOAD-00642,CUST-05,RTE-06,2026-02-11,Refrigerated - Backhaul Mixed,20847,517.49,35.36,delivered
LOAD-00643,CUST-02,RTE-02,2026-02-11,Refrigerated - Seafood,40250,2340.03,167.44,delivered
LOAD-00644,CUST-06,RTE-06,2026-02-12,Refrigerated - Backhaul Mixed,19208,449.19,58.51,delivered
LOAD-00645,CUST-04,RTE-04,2026-02-11,Refrigerated - Mixed,39521,2073.84,205.2,delivered
LOAD-00646,CUST-06,RTE-07,2026-02-13,Refrigerated - Backhaul Mixed,26930,1129.54,129.72,delivered
LOAD-00647,CUST-02,RTE-02,2026-02-18,Refrigerated - Seafood,38264,2348.33,146.92,delivered
LOAD-00648,CUST-03,RTE-03,2026-02-17,Refrigerated - Produce,39922,2464.59,178.89,delivered
LOAD-00649,CUST-04,RTE-04,2026-02-22,Refrigerated - Mixed,39783,2126.02,164.27,delivered
LOAD-00650,CUST-04,RTE-04,2026-02-18,Refrigerated - Mixed,40736,2076.42,186.22,delivered
LOAD-00651,CUST-06,RTE-07,2026-02-19,Refrigerated - Backhaul Mixed,19095,1355.52,106.66,delivered
LOAD-00652,CUST-04,RTE-04,2026-02-25,Refrigerated - Mixed,40643,2199.39,233.45,delivered
LOAD-00653,CUST-05,RTE-05,2026-02-26,Refrigerated - Backhaul Mixed,15112,1298.43,159.94,delivered
LOAD-00654,CUST-01,RTE-01,2026-03-02,Refrigerated - Produce,43940,730.9,54.54,delivered
LOAD-00655,CUST-06,RTE-06,2026-03-04,Refrigerated - Backhaul Mixed,18982,532.42,34.26,delivered
LOAD-00656,CUST-02,RTE-02,2026-03-03,Refrigerated - Seafood,43847,2391.23,182.93,delivered
LOAD-00657,CUST-06,RTE-05,2026-03-05,Refrigerated - Backhaul Mixed,20966,1192.92,82.48,delivered
LOAD-00658,CUST-02,RTE-02,2026-03-06,Refrigerated - Seafood,43478,2309.19,161.45,delivered
LOAD-00659,CUST-02,RTE-02,2026-03-09,Refrigerated - Seafood,38269,2362.49,159.54,delivered
LOAD-00660,CUST-05,RTE-07,2026-03-10,Refrigerated - Backhaul Mixed,17907,1131.82,138.25,delivered
LOAD-00661,CUST-02,RTE-02,2026-03-04,Refrigerated - Seafood,41909,2259.48,206.12,delivered
LOAD-00662,CUST-02,RTE-02,2026-03-16,Refrigerated - Seafood,44189,2330.92,191.29,delivered
LOAD-00663,CUST-05,RTE-07,2026-03-18,Refrigerated - Backhaul Mixed,23242,1167.0,135.07,delivered
LOAD-00664,CUST-04,RTE-04,2026-03-16,Refrigerated - Mixed,39496,2086.66,204.97,delivered
LOAD-00665,CUST-05,RTE-06,2026-03-18,Refrigerated - Backhaul Mixed,17574,558.12,48.3,delivered
LOAD-00666,CUST-04,RTE-04,2026-03-10,Refrigerated - Mixed,41742,2088.78,219.35,delivered
LOAD-00667,CUST-06,RTE-07,2026-03-11,Refrigerated - Backhaul Mixed,18983,1327.73,89.1,delivered
LOAD-00668,CUST-03,RTE-03,2026-03-10,Refrigerated - Produce,40328,2403.02,164.33,delivered
LOAD-00669,CUST-06,RTE-06,2026-03-11,Refrigerated - Backhaul Mixed,26297,519.31,54.52,delivered
LOAD-00670,CUST-03,RTE-03,2026-03-22,Refrigerated - Produce,38189,2398.48,209.72,delivered
LOAD-00671,CUST-06,RTE-05,2026-03-24,Refrigerated - Backhaul Mixed,24417,1408.67,121.6,delivered
LOAD-00672,CUST-01,RTE-01,2026-03-23,Refrigerated - Produce,40268,762.52,55.81,delivered
LOAD-00673,CUST-06,RTE-05,2026-03-25,Refrigerated - Backhaul Mixed,28569,1336.26,82.02,delivered
LOAD-00674,CUST-02,RTE-02,2026-03-29,Refrigerated - Seafood,40527,2248.07,134.35,delivered
LOAD-00675,CUST-03,RTE-03,2026-03-30,Refrigerated - Produce,41601,2348.39,225.32,delivered
LOAD-00676,CUST-05,RTE-05,2026-04-01,Refrigerated - Backhaul Mixed,23013,1197.8,98.59,delivered
LOAD-00677,CUST-04,RTE-04,2026-03-30,Refrigerated - Mixed,40905,2097.63,225.69,delivered
LOAD-00678,CUST-03,RTE-03,2026-03-26,Refrigerated - Produce,39452,2352.36,221.69,delivered
LOAD-00679,CUST-06,RTE-05,2026-03-27,Refrigerated - Backhaul Mixed,17480,1201.0,157.81,delivered
LOAD-00680,CUST-02,RTE-02,2026-03-31,Refrigerated - Seafood,41088,2398.15,122.44,delivered
LOAD-00681,CUST-05,RTE-07,2026-04-02,Refrigerated - Backhaul Mixed,29792,1157.73,118.29,delivered
LOAD-00682,CUST-01,RTE-01,2026-03-31,Refrigerated - Produce,43038,759.19,50.01,delivered
LOAD-00683,CUST-02,RTE-02,2026-04-02,Refrigerated - Seafood,39189,2276.87,160.85,delivered
LOAD-00684,CUST-04,RTE-04,2026-04-01,Refrigerated - Mixed,43089,2107.45,147.6,delivered
LOAD-00685,CUST-06,RTE-07,2026-04-03,Refrigerated - Backhaul Mixed,27811,1298.68,101.66,delivered
LOAD-00686,CUST-02,RTE-02,2026-04-13,Refrigerated - Seafood,42185,2291.29,227.13,delivered
LOAD-00687,CUST-05,RTE-07,2026-04-14,Refrigerated - Backhaul Mixed,17713,1177.4,88.56,delivered
LOAD-00688,CUST-03,RTE-03,2026-04-12,Refrigerated - Produce,42552,2342.48,150.16,delivered
LOAD-00689,CUST-05,RTE-06,2026-04-14,Refrigerated - Backhaul Mixed,17300,475.95,58.47,delivered
LOAD-00690,CUST-02,RTE-02,2026-04-10,Refrigerated - Seafood,39022,2345.73,151.96,delivered
LOAD-00691,CUST-06,RTE-05,2026-04-12,Refrigerated - Backhaul Mixed,23102,1224.16,150.77,delivered
LOAD-00692,CUST-04,RTE-04,2026-04-07,Refrigerated - Mixed,42842,2067.77,181.64,delivered
LOAD-00693,CUST-05,RTE-05,2026-04-09,Refrigerated - Backhaul Mixed,20909,1182.53,143.77,delivered
LOAD-00694,CUST-01,RTE-01,2026-04-19,Refrigerated - Produce,43165,725.77,46.05,delivered
LOAD-00695,CUST-05,RTE-06,2026-04-21,Refrigerated - Backhaul Mixed,25400,488.84,50.97,delivered
LOAD-00696,CUST-03,RTE-03,2026-04-15,Refrigerated - Produce,43914,2524.38,132.16,delivered
LOAD-00697,CUST-02,RTE-02,2026-04-20,Refrigerated - Seafood,38913,2407.62,154.76,delivered
LOAD-00698,CUST-06,RTE-07,2026-04-22,Refrigerated - Backhaul Mixed,16697,1184.35,154.66,delivered
LOAD-00699,CUST-02,RTE-02,2026-04-15,Refrigerated - Seafood,43307,2259.77,143.42,delivered
LOAD-00700,CUST-03,RTE-03,2026-04-17,Refrigerated - Produce,40159,2497.6,237.83,delivered
LOAD-00701,CUST-06,RTE-05,2026-04-18,Refrigerated - Backhaul Mixed,28537,1323.02,90.04,delivered
LOAD-00702,CUST-01,RTE-01,2026-04-17,Refrigerated - Produce,43786,771.1,57.59,delivered
LOAD-00703,CUST-06,RTE-05,2026-04-19,Refrigerated - Backhaul Mixed,23821,1215.39,118.35,delivered
LOAD-00704,CUST-01,RTE-01,2026-04-25,Refrigerated - Produce,44001,746.69,67.48,delivered
LOAD-00705,CUST-06,RTE-07,2026-04-26,Refrigerated - Backhaul Mixed,22772,1311.67,111.19,delivered
LOAD-00706,CUST-04,RTE-04,2026-04-23,Refrigerated - Mixed,38167,2164.26,185.15,delivered
LOAD-00707,CUST-03,RTE-03,2026-04-25,Refrigerated - Produce,39544,2531.12,234.69,delivered
LOAD-00708,CUST-05,RTE-06,2026-04-26,Refrigerated - Backhaul Mixed,29552,527.9,58.06,delivered
LOAD-00709,CUST-03,RTE-03,2026-04-25,Refrigerated - Produce,42489,2548.34,231.43,delivered
LOAD-00710,CUST-01,RTE-01,2026-05-04,Refrigerated - Produce,42319,755.61,51.5,delivered
LOAD-00711,CUST-06,RTE-05,2026-05-06,Refrigerated - Backhaul Mixed,24988,1178.11,127.24,delivered
LOAD-00712,CUST-01,RTE-01,2026-05-03,Refrigerated - Produce,40481,746.99,40.84,delivered
LOAD-00713,CUST-05,RTE-05,2026-05-05,Refrigerated - Backhaul Mixed,18335,1382.54,87.45,delivered
LOAD-00714,CUST-02,RTE-02,2026-05-01,Refrigerated - Seafood,38366,2285.95,215.02,delivered
LOAD-00715,CUST-06,RTE-05,2026-05-03,Refrigerated - Backhaul Mixed,26346,1228.24,82.35,delivered
LOAD-00716,CUST-04,RTE-04,2026-04-30,Refrigerated - Mixed,42670,2075.74,156.3,delivered
LOAD-00717,CUST-02,RTE-02,2026-05-05,Refrigerated - Seafood,38684,2216.84,162.4,delivered
LOAD-00718,CUST-03,RTE-03,2026-05-07,Refrigerated - Produce,39643,2544.84,162.01,delivered
LOAD-00719,CUST-06,RTE-07,2026-05-08,Refrigerated - Backhaul Mixed,20202,1234.29,92.04,delivered
LOAD-00720,CUST-01,RTE-01,2026-05-09,Refrigerated - Produce,38980,765.63,68.98,delivered
LOAD-00721,CUST-05,RTE-06,2026-05-11,Refrigerated - Backhaul Mixed,20654,535.88,48.38,delivered
LOAD-00722,CUST-01,RTE-01,2026-05-07,Refrigerated - Produce,38348,740.15,50.69,delivered
LOAD-00723,CUST-06,RTE-06,2026-05-08,Refrigerated - Backhaul Mixed,21535,493.97,39.78,delivered
LOAD-00724,CUST-04,RTE-04,2026-05-13,Refrigerated - Mixed,43343,2048.55,134.7,delivered
LOAD-00725,CUST-02,RTE-02,2026-05-12,Refrigerated - Seafood,40239,2288.89,195.04,delivered
LOAD-00726,CUST-05,RTE-05,2026-05-13,Refrigerated - Backhaul Mixed,29127,1171.87,82.21,delivered
LOAD-00727,CUST-04,RTE-04,2026-05-16,Refrigerated - Mixed,40373,2111.81,206.99,delivered
LOAD-00728,CUST-03,RTE-03,2026-05-16,Refrigerated - Produce,39489,2546.83,190.19,delivered
LOAD-00729,CUST-06,RTE-07,2026-05-17,Refrigerated - Backhaul Mixed,27887,1151.78,144.32,delivered
LOAD-00730,CUST-04,RTE-04,2026-05-12,Refrigerated - Mixed,43319,2082.14,141.78,delivered
LOAD-00731,CUST-01,RTE-01,2026-05-16,Refrigerated - Produce,41118,760.35,39.75,delivered
LOAD-00732,CUST-06,RTE-06,2026-05-17,Refrigerated - Backhaul Mixed,19369,518.75,44.66,delivered
LOAD-00733,CUST-02,RTE-02,2026-05-23,Refrigerated - Seafood,38079,2370.26,218.05,delivered
LOAD-00734,CUST-05,RTE-05,2026-05-24,Refrigerated - Backhaul Mixed,18444,1288.6,137.38,delivered
LOAD-00735,CUST-01,RTE-01,2026-05-23,Refrigerated - Produce,38651,740.87,58.8,delivered
LOAD-00736,CUST-06,RTE-07,2026-05-24,Refrigerated - Backhaul Mixed,19676,1248.23,121.29,delivered
LOAD-00737,CUST-03,RTE-03,2026-05-22,Refrigerated - Produce,44190,2540.63,127.25,delivered
LOAD-00738,CUST-06,RTE-06,2026-05-23,Refrigerated - Backhaul Mixed,20135,511.83,52.9,delivered
LOAD-00739,CUST-04,RTE-04,2026-05-22,Refrigerated - Mixed,41158,2050.7,211.15,delivered
LOAD-00740,CUST-05,RTE-05,2026-05-23,Refrigerated - Backhaul Mixed,20526,1274.58,93.72,delivered
LOAD-00741,CUST-01,RTE-01,2026-05-29,Refrigerated - Produce,40648,734.93,43.13,delivered
LOAD-00742,CUST-05,RTE-05,2026-05-30,Refrigerated - Backhaul Mixed,21117,1321.09,109.3,delivered
LOAD-00743,CUST-04,RTE-04,2026-05-28,Refrigerated - Mixed,42728,2170.89,188.93,delivered
LOAD-00744,CUST-06,RTE-05,2026-05-30,Refrigerated - Backhaul Mixed,16332,1395.24,132.32,delivered
LOAD-00745,CUST-04,RTE-04,2026-05-26,Refrigerated - Mixed,40680,2068.5,198.42,delivered
LOAD-00746,CUST-05,RTE-05,2026-05-28,Refrigerated - Backhaul Mixed,19066,1319.03,122.59,delivered
LOAD-00747,CUST-02,RTE-02,2026-06-01,Refrigerated - Seafood,39285,2301.46,161.7,delivered
LOAD-00748,CUST-06,RTE-05,2026-06-02,Refrigerated - Backhaul Mixed,20351,1360.33,113.74,delivered
LOAD-00749,CUST-03,RTE-03,2026-06-02,Refrigerated - Produce,41380,2555.92,160.58,delivered
LOAD-00750,CUST-05,RTE-07,2026-06-04,Refrigerated - Backhaul Mixed,18694,1076.96,148.35,delivered
LOAD-00751,CUST-03,RTE-03,2026-06-06,Refrigerated - Produce,43710,2450.49,200.36,delivered
LOAD-00752,CUST-06,RTE-06,2026-06-07,Refrigerated - Backhaul Mixed,17619,519.26,45.33,delivered
LOAD-00753,CUST-04,RTE-04,2026-06-07,Refrigerated - Mixed,41174,2060.54,135.19,delivered
LOAD-00754,CUST-02,RTE-02,2026-06-04,Refrigerated - Seafood,39772,2314.8,153.26,delivered
LOAD-00755,CUST-05,RTE-05,2026-06-05,Refrigerated - Backhaul Mixed,28970,1350.25,153.58,delivered
LOAD-00756,CUST-03,RTE-03,2026-06-09,Refrigerated - Produce,44311,2434.08,122.69,delivered
LOAD-00757,CUST-02,RTE-02,2026-06-12,Refrigerated - Seafood,39923,2211.93,127.07,delivered
LOAD-00758,CUST-05,RTE-06,2026-06-13,Refrigerated - Backhaul Mixed,15721,573.94,47.3,delivered
LOAD-00759,CUST-01,RTE-01,2026-06-09,Refrigerated - Produce,41566,769.62,71.58,delivered
LOAD-00760,CUST-06,RTE-07,2026-06-11,Refrigerated - Backhaul Mixed,21096,1187.55,127.21,delivered
LOAD-00761,CUST-04,RTE-04,2026-06-11,Refrigerated - Mixed,43573,2107.2,187.01,delivered
LOAD-00762,CUST-02,RTE-02,2026-06-15,Refrigerated - Seafood,41432,2379.74,163.37,delivered
LOAD-00763,CUST-06,RTE-06,2026-06-17,Refrigerated - Backhaul Mixed,18589,514.91,54.58,delivered
LOAD-00764,CUST-02,RTE-02,2026-06-12,Refrigerated - Seafood,40511,2398.62,198.31,delivered
LOAD-00765,CUST-05,RTE-05,2026-06-14,Refrigerated - Backhaul Mixed,21912,1228.24,159.01,delivered
LOAD-00766,CUST-01,RTE-01,2026-06-22,Refrigerated - Produce,40875,739.55,61.9,delivered
LOAD-00767,CUST-05,RTE-07,2026-06-24,Refrigerated - Backhaul Mixed,18954,1202.42,140.8,delivered
LOAD-00768,CUST-04,RTE-04,2026-06-17,Refrigerated - Mixed,42388,2073.83,190.15,delivered
LOAD-00769,CUST-05,RTE-06,2026-06-18,Refrigerated - Backhaul Mixed,28218,447.0,53.27,delivered
LOAD-00770,CUST-02,RTE-02,2026-06-17,Refrigerated - Seafood,42610,2362.28,227.76,delivered
LOAD-00771,CUST-06,RTE-07,2026-06-18,Refrigerated - Backhaul Mixed,18985,1208.64,121.32,delivered
LOAD-00772,CUST-01,RTE-01,2026-06-19,Refrigerated - Produce,39207,748.68,48.06,delivered
LOAD-00773,CUST-06,RTE-05,2026-06-20,Refrigerated - Backhaul Mixed,28127,1452.58,151.64,delivered
LOAD-00774,CUST-01,RTE-01,2026-06-22,Refrigerated - Produce,38594,743.22,77.6,delivered
LOAD-00775,CUST-06,RTE-05,2026-06-23,Refrigerated - Backhaul Mixed,29203,1274.41,130.92,delivered
LOAD-00776,CUST-02,RTE-02,2026-06-22,Refrigerated - Seafood,40272,2369.02,121.67,delivered
LOAD-00777,CUST-03,RTE-03,2026-06-26,Refrigerated - Produce,40805,2362.38,178.76,delivered
LOAD-00778,CUST-06,RTE-06,2026-06-27,Refrigerated - Backhaul Mixed,25044,534.15,35.65,delivered
LOAD-00779,CUST-02,RTE-02,2026-06-25,Refrigerated - Seafood,40763,2251.57,209.42,delivered
LOAD-00780,CUST-06,RTE-05,2026-06-27,Refrigerated - Backhaul Mixed,24021,1454.95,118.56,delivered
LOAD-00781,CUST-01,RTE-01,2026-06-25,Refrigerated - Produce,44421,747.94,49.47,delivered
LOAD-00782,CUST-06,RTE-07,2026-06-26,Refrigerated - Backhaul Mixed,18872,1350.02,108.96,delivered
LOAD-00783,CUST-03,RTE-03,2026-06-28,Refrigerated - Produce,40016,2520.18,134.95,delivered
LOAD-00784,CUST-05,RTE-06,2026-06-30,Refrigerated - Backhaul Mixed,25077,543.27,41.53,delivered
LOAD-00785,CUST-03,RTE-03,2026-07-01,Refrigerated - Produce,43725,2374.14,129.28,delivered
LOAD-00786,CUST-06,RTE-05,2026-07-02,Refrigerated - Backhaul Mixed,15335,1335.22,110.8,delivered
LOAD-00787,CUST-02,RTE-02,2026-07-01,Refrigerated - Seafood,40986,2384.14,231.56,delivered
LOAD-00788,CUST-02,RTE-02,2026-07-01,Refrigerated - Seafood,38547,2293.76,136.5,delivered
LOAD-00789,CUST-06,RTE-05,2026-07-02,Refrigerated - Backhaul Mixed,17931,1329.1,111.57,delivered
